Time,phi,theta,psi,p,q,r,phi_dot,theta_dot,psi_dot,V_NED_x,V_NED_y,V_NED_z,Pos_NED_x,Pos_NED_y,Pos_NED_z
0,0,5.72958,0,15.708,1,0,0,1,0,101.269,0,-10.1269,10.1269,0,-1.01269
0.1,2.35386,11.1075,14.2875,15.708,0.981818,2.44882,0.410826,0.938629,2.49364,100.274,40.4169,18.8844,20.1543,4.04169,0.875749
0.2,7.98126,15.031,31.3373,15.708,0.927931,2.8292,0.982168,0.68478,2.97576,95.8964,27.8961,123.477,29.7439,6.8313,13.2234
0.3,14.6695,18.8653,37.1134,15.708,0.840301,0.819847,1.16732,0.669205,1.00812,91.7842,-19.3915,184.804,38.9223,4.89215,31.7038
0.4,21.8073,26.0695,27.3582,15.708,0.722113,-1.882,1.24577,1.25737,-1.70261,77.1683,59.9861,419.594,46.6392,10.8908,73.6632
0.5,39.3864,37.1235,11.6444,15.708,0.577666,-2.99419,3.06814,1.9293,-2.74258,28.3422,-279.919,1012.49,49.4734,-17.1011,174.912
0.6,105.89,45.7123,10.2916,15.708,0.412212,-1.57728,11.607,1.49903,-0.23611,14.3782,-983.679,974.303,50.9112,-115.469,272.342
0.7,155.482,40.5925,5.23319,15.708,0.231768,1.17191,8.65555,-0.893576,-0.882851,-4.8401,-172.601,1524.76,50.4272,-132.729,424.818
0.8,165.107,35.1566,-14.7397,15.708,0.0428957,2.93122,1.6798,-0.948746,-3.48592,-326.149,-895.342,5708.45,17.8123,-222.263,995.663
0.9,169.562,33.3177,-29.9348,15.708,-0.147537,2.21463,0.777531,-0.320943,-2.65204,-581.699,-6739.62,7124.07,-40.3576,-896.225,1708.07
1,177.207,35.4279,-27.5978,15.708,-0.332604,-0.372591,1.33438,0.368297,0.407874,-512.2,-4182.45,7096.78,-91.5776,-1314.47,2417.75
1.1,185.6,37.6896,-8.56585,15.708,-0.505576,-2.64509,1.46471,0.394744,3.32171,-2286.8,-590.311,32812.8,-320.257,-1373.5,5699.03
1.2,188.456,39.4527,11.5821,15.708,-0.660162,-2.68337,0.498548,0.307709,3.51648,-5384.23,-36182.7,62395.2,-858.68,-4991.77,11938.5
1.3,183.583,43.7223,15.6008,15.708,-0.790742,-0.455091,-0.850526,0.745191,0.701386,-6980.11,-61715.4,74988.6,-1556.69,-11163.3,19437.4
1.4,175.251,48.2735,-2.5567,15.708,-0.892567,2.15759,-1.45425,0.79434,-3.16907,-17653.3,-105511,205630,-3322.02,-21714.4,40000.4
1.5,171.178,51.2692,-29.7885,15.708,-0.961934,2.94782,-0.710804,0.52284,-4.75285,-31015.2,-436259,268131,-6423.53,-65340.3,66813.5
1.6,173.809,56.2055,-42.7577,15.708,-0.99632,1.24813,0.459136,0.861546,-2.26355,-11616.8,-605705,-60518.3,-7585.22,-125911,60761.7
1.7,176.243,61.2283,-25.5805,15.708,-0.994475,-1.50582,0.424905,0.876642,2.99799,-42579.5,-113818,545189,-11843.2,-137293,115281
1.8,163.131,63.2906,10.572,15.708,-0.956466,-2.98785,-2.28848,0.359941,6.3098,-210844,-1.183e+06,2.46589e+06,-32927.6,-255592,361870
1.9,154.834,66.6409,27.7937,15.708,-0.883675,-1.94614,-1.44816,0.584742,3.00575,-290100,-4.00444e+06,2.52138e+06,-61937.6,-656036,614008
2,208.409,67.7663,19.0215,15.708,-0.77875,0.739413,9.35056,0.196423,-1.53105,-490781,-5.24821e+06,4.82355e+06,-111016,-1.18086e+06,1.09636e+06
2.1,268.381,69.5021,14.4094,15.708,-0.645505,2.80041,10.4671,0.302956,-0.80496,-1.25917e+06,-1.56011e+07,1.15901e+07,-236933,-2.74096e+06,2.25537e+06
2.2,230.377,72.8248,6.6473,15.708,-0.488787,2.49599,-6.63299,0.579909,-1.35474,-958008,-3.59647e+07,-9559.54,-332734,-6.33743e+06,2.25442e+06
2.3,249.371,72.7415,6.32847,15.708,-0.314294,0.0832886,3.31513,-0.0145363,-0.0556475,-642861,-3.20527e+07,-2.9072e+06,-397020,-9.5427e+06,1.9637e+06
2.4,244.091,75.3762,-10.1904,15.708,-0.128371,-2.39976,-0.921593,0.459852,-2.88309,-6.08632e+06,-6.68893e+07,5.91362e+07,-1.00565e+06,-1.62316e+07,7.87732e+06
2.5,255.998,80.4578,-53.6795,15.708,0.0622191,-2.85581,2.07818,0.886902,-7.59028,-7.58759e+06,-2.1924e+08,2.39481e+07,-1.76441e+06,-3.81557e+07,1.02721e+07
2.6,48.3982,79.0173,-57.814,15.708,0.250547,-0.899649,-36.2329,-0.25142,-0.721593,-290264,-2.43808e+08,-8.53371e+07,-1.79344e+06,-6.25364e+07,1.73841e+06
2.7,77.8654,81.5554,-70.0652,15.708,0.429764,1.81642,5.143,0.442987,-2.13825,-3.0066e+07,-3.24887e+08,2.94152e+08,-4.80004e+06,-9.50251e+07,3.11536e+07
2.8,292.883,73.1987,-63.9738,15.708,0.593352,2.99822,37.5276,-1.45852,1.06315,-6.9913e+07,-1.31698e+09,4.78263e+08,-1.17913e+07,-2.26723e+08,7.89799e+07
2.9,184.011,75.8382,-78.595,15.708,0.735364,1.64752,-19.0018,0.460665,-2.55188,-3.62007e+07,-2.30958e+09,-3.48707e+08,-1.54114e+07,-4.5768e+08,4.41092e+07
3,184.385,70.5496,-57.9378,15.708,0.850633,-1.09479,0.0652961,-0.923027,3.60536,-1.31942e+08,-3.68744e+09,4.62188e+08,-2.86056e+07,-8.26424e+08,9.0328e+07
3.1,168.301,62.3261,-24.0919,15.708,0.93497,-2.91236,-2.80704,-1.43527,5.90723,-1.66639e+08,-1.01707e+10,-1.43636e+09,-4.52695e+07,-1.84349e+09,-5.33077e+07
3.2,170.126,56.5167,-3.08985,15.708,0.985307,-2.26996,0.318452,-1.01394,3.66555,6.26291e+08,-1.3277e+10,-1.34714e+10,1.73596e+07,-3.1712e+09,-1.40045e+09
3.3,175.64,50.7705,-5.2683,15.708,0.999813,0.289804,0.962378,-1.00289,-0.380212,3.76748e+08,-6.75994e+09,-7.65424e+09,5.50344e+07,-3.84719e+09,-2.16587e+09
3.4,171.982,43.2953,-26.0075,15.708,0.977961,2.60478,-0.638398,-1.30467,-3.61968,-2.3328e+09,-3.7786e+10,1.82143e+10,-1.78245e+08,-7.62579e+09,-3.44437e+08
3.5,170.707,35.675,-44.9418,15.708,0.920545,2.71958,-0.222579,-1.33,-3.30466,-1.09921e+09,-1.05872e+11,-2.36843e+10,-2.88167e+08,-1.8213e+10,-2.71286e+09
3.6,175.354,30.611,-47.9589,15.708,0.829654,0.537241,0.811063,-0.883827,-0.526583,1.12871e+09,-1.40239e+11,-6.68933e+10,-1.75296e+08,-3.2237e+10,-9.4022e+09
3.7,182.417,26.6492,-34.2122,15.708,0.708593,-2.09889,1.23273,-0.691466,2.39926,-4.35682e+09,-3.37373e+11,-6.37351e+10,-6.10978e+08,-6.59742e+10,-1.57757e+10
3.8,186.666,21.9958,-15.9385,15.708,0.561764,-2.96215,0.741595,-0.812173,3.18936,2.11887e+10,-6.70731e+11,-5.36935e+11,1.50789e+09,-1.33047e+11,-6.94692e+10
3.9,185.844,18.9296,-8.1528,15.708,0.394506,-1.32338,-0.143418,-0.535144,1.35886,6.1667e+10,-5.05306e+11,-1.0326e+12,7.67459e+09,-1.83578e+11,-1.72729e+11
4,181.303,18.1925,-16.8759,15.708,0.212902,1.4332,-0.79259,-0.128654,-1.52246,-2.75104e+08,-1.20184e+12,-4.36559e+11,7.64708e+09,-3.03762e+11,-2.16385e+11
4.1,176.434,17.6544,-34.8146,15.708,0.0235563,2.97921,-0.849836,-0.0939151,-3.13089,7.14385e+10,-3.95524e+12,-2.4309e+12,1.47909e+10,-6.99287e+11,-4.59475e+11
4.2,174.958,17.73,-46.938,15.708,-0.166646,2.00877,-0.257653,0.0131913,-2.11594,4.42979e+11,-3.61088e+12,-7.41066e+12,5.90888e+10,-1.06037e+12,-1.20054e+12
4.3,178.044,19.9591,-43.0842,15.708,-0.350789,-0.658409,0.538733,0.389063,0.672617,1.8536e+11,-5.04033e+12,-4.39403e+12,7.76248e+10,-1.56441e+12,-1.63994e+12
4.4,183.587,22.6608,-25.9853,15.708,-0.522175,-2.76946,0.967437,0.47152,2.98431,5.28642e+10,-2.42964e+13,-9.62837e+12,8.29112e+10,-3.99404e+12,-2.60278e+12
4.5,186.423,25.2023,-9.73184,15.708,-0.674572,-2.54123,0.494851,0.443576,2.83677,2.47462e+12,-3.66929e+13,-4.74515e+13,3.30373e+11,-7.66334e+12,-7.34793e+12
4.6,183.194,29.7073,-8.24352,15.708,-0.802439,-0.166513,-0.563518,0.78628,0.259761,3.74722e+12,-4.55359e+13,-6.81802e+13,7.05095e+11,-1.22169e+13,-1.41659e+13
4.7,175.86,34.62,-24.277,15.708,-0.901125,2.34886,-1.28004,0.857418,-2.79836,7.37047e+12,-1.33183e+14,-1.50086e+14,1.44214e+12,-2.55353e+13,-2.91745e+13
4.8,171.621,38.1847,-45.4836,15.708,-0.967042,2.88022,-0.739859,0.622159,-3.70126,3.00726e+13,-1.00251e+14,-4.50006e+14,4.44941e+12,-3.55604e+13,-7.41752e+13
4.9,175.047,43.2642,-53.6452,15.708,-0.997792,0.978758,0.597898,0.88655,-1.42447,3.68516e+13,1.30093e+14,-4.58772e+14,8.13457e+12,-2.25511e+13,-1.20052e+14
5,183.321,48.7473,-39.0218,15.708,-0.992258,-1.74943,1.44413,0.956984,2.55227,4.59443e+12,-4.6646e+14,-2.34044e+14,8.59401e+12,-6.9197e+13,-1.43457e+14
5.1,188.429,51.7493,-11.0786,15.708,-0.95064,-2.99993,0.891571,0.523945,4.87701,8.71005e+13,-1.53538e+15,-1.75953e+15,1.73041e+13,-2.22735e+14,-3.1941e+14
5.2,187.086,55.5381,6.37994,15.708,-0.874452,-1.71649,-0.23438,0.661263,3.04708,2.62077e+14,-1.08176e+15,-3.99796e+15,4.35118e+13,-3.30911e+14,-7.19206e+14
5.3,183.219,59.6889,-4.64004,15.708,-0.766465,1.01682,-0.675018,0.724464,-1.92335,3.43273e+14,-2.92931e+15,-5.79072e+15,7.78391e+13,-6.23841e+14,-1.29828e+15
5.4,186.409,60.5508,-37.6667,15.708,-0.630606,2.89125,0.556893,0.150422,-5.76424,1.10216e+15,-5.3626e+15,-1.71113e+16,1.88055e+14,-1.1601e+15,-3.00941e+15
5.5,190.709,61.4404,-64.0028,15.708,-0.471815,2.32354,0.750479,0.155257,-4.59651,2.37102e+15,6.48963e+15,-3.02062e+16,4.25157e+14,-5.11139e+14,-6.03003e+15
5.6,192.193,63.0376,-61.584,15.708,-0.295866,-0.206793,0.258909,0.278776,0.422156,1.99705e+15,3.68537e+15,-2.60944e+16,6.24862e+14,-1.42602e+14,-8.63946e+15
5.7,192.94,61.4258,-30.7577,15.708,-0.109158,-2.56245,0.130375,-0.281312,5.3802,4.85255e+15,-3.23806e+16,-7.85503e+16,1.11012e+15,-3.38066e+15,-1.64945e+16
5.8,192.489,58.2752,-0.338298,15.708,0.0815192,-2.75369,-0.0786188,-0.549885,5.30919,1.48796e+16,2.59955e+16,-1.9496e+17,2.59808e+15,-7.81113e+14,-3.59905e+16
5.9,187.93,56.5425,5.84338,15.708,0.269232,-0.618976,-0.79568,-0.302416,1.07891,1.51973e+16,8.24268e+16,-1.78649e+17,4.1178e+15,7.46157e+15,-5.38554e+16
6,180.243,53.3763,-13.7274,15.708,0.447155,2.03857,-1.34167,-0.552604,-3.41575,2.33191e+16,-1.83613e+17,-3.87738e+17,6.44971e+15,-1.08997e+16,-9.26292e+16
6.1,173.015,47.8747,-39.7332,15.708,0.608816,2.9742,-1.26164,-0.960208,-4.53886,9.18289e+16,-8.33568e+16,-1.29251e+18,1.56326e+16,-1.92354e+16,-2.2188e+17
6.2,174.405,42.7856,-50.4359,15.708,0.748338,1.39762,0.24268,-0.888223,-1.86798,1.51941e+17,5.79624e+17,-1.8757e+18,3.08267e+16,3.8727e+16,-4.09449e+17
6.3,181.881,37.9341,-40.1514,15.708,0.860647,-1.35948,1.30487,-0.846746,1.79499,2.5892e+17,1.51654e+17,-3.50267e+18,5.67187e+16,5.38924e+16,-7.59716e+17
6.4,187.671,30.9173,-20.2174,15.708,0.941659,-2.96828,1.01041,-1.22467,3.47912,7.06682e+17,3.02657e+18,-8.60274e+18,1.27387e+17,3.5655e+17,-1.61999e+18
6.5,187.579,23.7323,-7.81881,15.708,0.988427,-2.06986,-0.0159476,-1.25401,2.16397,8.46575e+17,1.13915e+19,-7.46042e+18,2.12045e+17,1.4957e+18,-2.36603e+18
6.6,183.196,18.322,-11.8889,15.708,0.999251,0.576897,-0.765112,-0.944278,-0.710364,4.68257e+17,4.25719e+18,-4.87527e+18,2.5887e+17,1.92142e+18,-2.85356e+18
6.7,178.49,12.8889,-28.2309,15.708,0.973738,2.73637,-0.821238,-0.948247,-2.85221,2.79723e+18,-6.18489e+18,-4.07073e+19,5.38594e+17,1.30293e+18,-6.92429e+18
6.8,176.579,6.99142,-43.016,15.708,0.912814,2.58452,-0.333537,-1.02931,-2.58049,7.14891e+18,3.6252e+19,-8.49621e+19,1.25348e+18,4.92813e+18,-1.54205e+19
6.9,176.878,2.22726,-44.1826,15.708,0.818697,0.249609,0.0521353,-0.831503,-0.203618,9.55213e+18,6.28991e+19,-1.08225e+20,2.2087e+18,1.1218e+19,-2.6243e+19
7,177.059,-1.07234,-30.837,15.708,0.694807,-2.29614,0.0316583,-0.575888,2.32924,2.41229e+19,1.04863e+20,-2.9309e+20,4.62099e+18,2.17044e+19,-5.55521e+19
7.1,176.228,-3.24094,-14.0427,15.708,0.545651,-2.90241,-0.145062,-0.378493,2.93116,4.49483e+19,5.0376e+20,-4.33134e+20,9.11582e+18,7.20803e+19,-9.88655e+19
7.2,175.32,-4.95111,-7.82845,15.708,0.376652,-1.05711,-0.158548,-0.298481,1.0846,3.33976e+19,7.42125e+20,-1.87064e+20,1.24556e+19,1.46293e+20,-1.17572e+20
7.3,175.573,-6.82532,-17.3924,15.708,0.193957,1.6811,0.044139,-0.327112,-1.66922,9.19851e+19,4.73928e+20,-1.09047e+21,2.16541e+19,1.93686e+20,-2.26619e+20
7.4,177.049,-7.96832,-34.6844,15.708,0.00420798,2.99934,0.257728,-0.199491,-3.01803,2.72898e+20,2.53157e+21,-2.82279e+21,4.89439e+19,4.46842e+20,-5.08898e+20
7.5,177.887,-7.35867,-45.0366,15.708,-0.185694,1.78413,0.146149,0.106405,-1.8068,2.322e+20,5.53101e+21,-1.16453e+21,7.21639e+19,9.99944e+20,-6.25352e+20
7.6,176.86,-4.99959,-39.7339,15.708,-0.368843,-0.938068,-0.17922,0.411737,0.925493,4.00632e+20,3.40865e+21,-4.25683e+21,1.12227e+20,1.34081e+21,-1.05103e+21
7.7,175.72,-0.821049,-23.5208,15.708,-0.538579,-2.86791,-0.199012,0.729292,2.82973,1.73228e+21,1.17904e+22,-1.94862e+22,2.85456e+20,2.51985e+21,-2.99965e+21
7.8,176.291,4.09581,-10.2216,15.708,-0.68873,-2.37533,0.0997239,0.858153,2.32114,2.44542e+21,3.92523e+22,-1.92248e+22,5.29998e+20,6.44508e+21,-4.92213e+21
7.9,176.817,8.7073,-11.2173,15.708,-0.813835,0.123623,0.0918859,0.804857,-0.17378,3.38803e+21,5.33863e+22,-2.70002e+22,8.68801e+20,1.17837e+22,-7.62216e+21
8,175.262,12.9117,-26.2412,15.708,-0.909345,2.51815,-0.271438,0.733798,-2.62216,9.48837e+21,1.34295e+23,-8.11905e+22,1.81764e+21,2.52133e+22,-1.57412e+22
8.1,173.42,16.872,-43.2528,15.708,-0.971787,2.78568,-0.321558,0.691207,-2.96908,6.03324e+21,3.30046e+23,3.80126e+22,2.42096e+21,5.82179e+22,-1.19399e+22
8.2,175.139,22.1697,-48.0908,15.708,-0.99889,0.700234,0.300082,0.924629,-0.8444,-7.17966e+21,2.65401e+23,1.95907e+23,1.703e+21,8.4758e+22,7.65071e+21
8.3,181.444,28.1212,-35.7267,15.708,-0.989669,-1.97668,1.10039,1.03873,2.15795,3.85098e+22,2.66979e+23,-4.31406e+23,5.55398e+21,1.11456e+23,-3.54899e+22
8.4,187.049,32.127,-15.4868,15.708,-0.944458,-2.98395,0.97826,0.699138,3.53253,1.04435e+23,1.56513e+24,-8.61757e+23,1.59974e+22,2.67969e+23,-1.21666e+23
8.5,185.949,36.113,-4.70313,15.708,-0.864902,-1.47078,-0.191929,0.695701,1.88211,7.66168e+22,2.89509e+24,7.81261e+21,2.36591e+22,5.57478e+23,-1.20884e+23
8.6,178.581,40.6005,-13.9671,15.708,-0.753894,1.28471,-1.28606,0.783205,-1.61687,2.30736e+23,4.68238e+24,-1.45534e+24,4.67327e+22,1.02572e+24,-2.66418e+23
8.7,171.929,42.3705,-36.9886,15.708,-0.615471,2.95505,-1.16098,0.308923,-4.01801,3.57406e+23,1.32847e+25,-4.43074e+22,8.24733e+22,2.35419e+24,-2.70849e+23
8.8,172.183,43.2752,-53.951,15.708,-0.454666,2.12935,0.0444212,0.157903,-2.9605,-4.38336e+23,1.91743e+25,1.30491e+25,3.86397e+22,4.27162e+24,1.03406e+24
8.9,179.189,44.9997,-50.1198,15.708,-0.277328,-0.494941,1.22273,0.300992,0.668679,2.94803e+22,1.78736e+25,6.14352e+24,4.15877e+22,6.05898e+24,1.64841e+24
9,186.882,44.2113,-28.3591,15.708,-0.0899042,-2.70117,1.34267,-0.137607,3.79796,2.33042e+24,6.47232e+25,-8.31221e+24,2.7463e+23,1.25313e+25,8.17191e+23
9.1,188.773,41.4858,-8.13912,15.708,0.100789,-2.62581,0.330046,-0.475699,3.52905,-2.00565e+24,1.29168e+26,7.48885e+25,7.40649e+22,2.54481e+25,8.30604e+24
9.2,183.408,39.6741,-5.84025,15.708,0.287817,-0.332513,-0.936313,-0.316198,0.401229,-4.07292e+24,1.07574e+26,9.53862e+25,-3.33228e+23,3.62055e+25,1.78447e+25
9.3,175.423,36.6197,-22.0732,15.708,0.464378,2.24165,-1.39364,-0.533083,-2.83318,1.45459e+25,3.31461e+26,-7.84543e+25,1.12136e+24,6.93517e+25,9.99922e+24
9.4,171.555,31.028,-41.5858,15.708,0.624052,2.92236,-0.675082,-0.975942,-3.4056,4.28226e+24,9.28704e+26,2.81416e+26,1.54958e+24,1.62222e+26,3.81408e+25
9.5,174.018,25.9121,-48.3251,15.708,0.761033,1.13465,0.42988,-0.892896,-1.17622,-3.35152e+25,1.20091e+27,9.00583e+26,-1.80194e+24,2.82313e+26,1.28199e+26
9.6,179.913,21.3466,-38.0079,15.708,0.870339,-1.61146,1.02882,-0.796824,1.8007,2.02981e+22,2.589e+27,9.48298e+26,-1.79991e+24,5.41213e+26,2.23029e+26
9.7,184.386,15.1778,-20.1764,15.708,0.947995,-2.99643,0.780584,-1.07665,3.11217,-2.22013e+26,5.505e+27,5.06799e+27,-2.40012e+25,1.09171e+27,7.29828e+26
9.8,185.048,8.63744,-9.85449,15.708,0.991177,-1.85041,0.11565,-1.14152,1.80152,-7.37946e+26,2.88349e+27,1.11978e+28,-9.77958e+25,1.38006e+27,1.8496e+27
9.9,183.808,3.30431,-15.2218,15.708,0.998315,0.858594,-0.216388,-0.930806,-0.936766,-1.3674e+26,3.85641e+27,3.2921e+27,-1.1147e+26,1.7657e+27,2.17881e+27
10,183.413,-1.25392,-31.8201,15.708,0.96915,2.84237,-0.0690377,-0.795561,-2.89695,4.03597e+26,3.16189e+28,6.0383e+27,-7.11101e+25,4.92759e+27,2.78264e+27
10.1,184.608,-5.48603,-46.0626,15.708,0.904742,2.42528,0.208602,-0.738643,-2.48579,-2.49015e+27,5.2189e+28,5.33425e+28,-3.20125e+26,1.01465e+28,8.1169e+27
10.2,185.678,-10.1145,-46.2429,15.708,0.807433,-0.0403575,0.18677,-0.807827,-0.0314706,-3.66878e+27,6.94802e+28,7.58751e+28,-6.87003e+26,1.70945e+28,1.57044e+28
10.3,184.27,-15.2501,-32.1288,15.708,0.680761,-2.47191,-0.245754,-0.896331,2.46337,-7.30244e+27,1.96952e+29,1.72515e+29,-1.41725e+27,3.67897e+28,3.29559e+28
10.4,180.514,-19.0163,-15.4019,15.708,0.529334,-2.81552,-0.655463,-0.657317,2.91939,-3.46033e+28,2.0379e+29,5.50204e+29,-4.87758e+27,5.71686e+28,8.79763e+28
10.5,178.71,-21.049,-10.6279,15.708,0.358658,-0.780952,-0.315004,-0.354769,0.833219,-4.53152e+28,2.83802e+28,6.33146e+29,-9.40909e+27,6.00067e+28,1.51291e+29
10.6,183.59,-21.8828,-22.425,15.708,0.174939,1.91326,0.851787,-0.145538,-2.05898,-3.02365e+28,7.93788e+29,7.06361e+29,-1.24327e+28,1.39385e+29,2.21927e+29
10.7,195.267,-19.1135,-40.4872,15.708,-0.0151419,2.99141,2.03803,0.483333,-3.15245,-1.80163e+29,1.49822e+30,3.02484e+30,-3.04491e+28,2.89207e+29,5.24411e+29
10.8,207.736,-14.814,-48.6435,15.708,-0.204672,1.54281,2.17619,0.750408,-1.42354,-3.51871e+29,-1.1504e+29,4.79346e+30,-6.56362e+28,2.77703e+29,1.00376e+30
10.9,220.013,-16.7651,-41.383,15.708,-0.386759,-1.20895,2.14282,-0.340533,1.26719,-1.98329e+29,3.19261e+30,3.89529e+30,-8.54691e+28,5.96965e+29,1.39329e+30
11,243.378,-27.4528,-27.1501,15.708,-0.554781,-2.93955,4.07799,-1.86534,2.48411,-8.5435e+29,1.19e+31,1.6101e+31,-1.70904e+29,1.78697e+30,3.00339e+30
11.1,299.618,-39.3132,-22.4514,15.708,-0.702629,-2.1872,9.81576,-2.07003,0.820083,-2.6133e+30,6.46971e+30,3.82839e+31,-4.32234e+29,2.43394e+30,6.83177e+30
11.2,340.364,-41.6852,-16.5786,15.708,-0.824926,0.412603,7.11142,-0.414,1.025,-3.48297e+30,1.35604e+31,5.28334e+31,-7.80531e+29,3.78998e+30,1.21151e+31
11.3,347.59,-42.904,5.03948,15.708,-0.917225,2.66389,1.26124,-0.212724,3.77306,-9.5254e+30,3.41074e+31,1.434e+32,-1.73307e+30,7.20072e+30,2.64551e+31
11.4,349.618,-45.4906,27.4014,15.708,-0.976169,2.66508,0.353873,-0.451443,3.90289,-2.20437e+31,-8.99645e+31,2.69975e+32,-3.93744e+30,-1.79573e+30,5.34526e+31
11.5,356.032,-50.9539,31.7328,15.708,-0.999615,0.41516,1.11952,-0.953522,0.755972,-1.58134e+31,-1.50527e+32,1.62166e+32,-5.51878e+30,-1.68484e+31,6.96692e+31
11.6,363.171,-55.6688,10.0813,15.708,-0.986709,-2.18543,1.24594,-0.822913,-3.7789,-1.99167e+31,3.06203e+32,3.85895e+32,-7.51045e+30,1.37718e+31,1.08259e+32
11.7,365.573,-58.2743,-22.2358,15.708,-0.937922,-2.94006,0.419231,-0.454737,-5.6404,-1.09743e+32,3.00208e+32,1.61815e+33,-1.84848e+31,4.37927e+31,2.70074e+32
11.8,365.543,-62.6139,-37.0268,15.708,-0.855028,-1.21132,-0.00514849,-0.757405,-2.5815,-1.89611e+32,-4.22264e+32,2.45103e+33,-3.74459e+31,1.56627e+30,5.15177e+32
11.9,376.557,-65.4893,-17.1094,15.708,-0.741041,1.54059,1.9222,-0.501859,3.47623,-3.27481e+32,4.31307e+32,4.65846e+33,-7.0194e+31,4.4697e+31,9.81024e+32
12,404.692,-68.3854,-4.57228,15.708,-0.600106,2.99121,4.91061,-0.505466,2.18814,-9.21822e+32,-2.55007e+33,1.17339e+34,-1.62376e+32,-2.1031e+32,2.15441e+33
12.1,445.313,-68.2491,4.82242,15.708,-0.437348,1.91525,7.0896,0.0237992,1.63968,-1.2397e+33,-1.19627e+34,1.26537e+34,-2.86346e+32,-1.40658e+33,3.41978e+33
12.2,411.227,-67.951,4.07918,15.708,-0.258686,-0.778459,-5.94918,0.0520199,-0.12972,-1.24695e+33,-4.93201e+33,1.53293e+34,-4.11041e+32,-1.89978e+33,4.95271e+33
12.3,313.112,-61.0516,-5.71393,15.708,-0.0706165,-2.81463,-17.1242,1.20417,-1.70922,-4.64955e+33,-6.43389e+33,6.15394e+34,-8.75996e+32,-2.54317e+33,1.11067e+34
12.4,316.148,-62.7546,-22.1215,15.708,0.120021,-2.47337,0.52995,-0.297224,-2.86367,-8.52006e+33,-7.53539e+34,8.94788e+34,-1.728e+33,-1.00786e+34,2.00545e+34
12.5,345.881,-61.9254,-23.0364,15.708,0.306293,-0.0429391,5.18932,0.144731,-0.159669,-7.18959e+33,-6.91604e+34,7.3464e+34,-2.44696e+33,-1.69946e+34,2.74009e+34
12.6,347.286,-57.171,2.56081,15.708,0.481427,2.42376,0.245231,0.829791,4.46755,-2.43715e+34,1.82383e+33,3.35596e+35,-4.88411e+33,-1.68122e+34,6.09605e+34
12.7,348.775,-50.5333,28.4704,15.708,0.639055,2.84319,0.259948,1.1585,4.52207,-6.32594e+34,-3.7448e+35,7.32143e+35,-1.12101e+34,-5.42602e+34,1.34175e+35
12.8,354.643,-45.608,35.0382,15.708,0.773443,0.861068,1.024,0.859635,1.1463,-8.12299e+34,-7.75156e+35,8.323e+35,-1.9333e+34,-1.31776e+35,2.17405e+35
12.9,363.382,-40.4162,20.6633,15.708,0.879704,-1.84837,1.52524,0.906144,-2.50889,-1.86932e+35,-1.10796e+36,2.16299e+36,-3.80262e+34,-2.42572e+35,4.33703e+35
13,368.438,-32.987,0.13344,15.708,0.953976,-2.99655,0.882469,1.29663,-3.58314,-3.71626e+35,-4.66611e+36,3.39749e+36,-7.51888e+34,-7.09183e+35,7.73453e+35
13.1,366.925,-26.135,-9.55449,15.708,0.993556,-1.61364,-0.264082,1.1959,-1.69086,-1.75385e+35,-7.7875e+36,-4.43008e+35,-9.27273e+34,-1.48793e+36,7.29152e+35
13.2,361.459,-20.8611,-2.08426,15.708,0.997006,1.13226,-0.953884,0.920478,1.3038,-3.48964e+35,-2.13019e+36,4.01519e+36,-1.27624e+35,-1.70095e+36,1.13067e+36
13.3,356.614,-14.9556,15.3864,15.708,0.9642,2.92178,-0.84575,1.03069,3.04921,-2.26583e+36,-1.08932e+37,2.71472e+37,-3.54207e+35,-2.79027e+36,3.84539e+36
13.4,355.261,-8.90128,28.1157,15.708,0.89633,2.24336,-0.236098,1.05668,2.22168,-3.47665e+36,-4.59679e+37,3.0936e+37,-7.01872e+35,-7.38707e+36,6.93899e+36
13.5,356.261,-4.49083,25.883,15.708,0.795866,-0.329946,0.174623,0.769769,-0.389683,-5.08395e+36,-6.19094e+37,4.71837e+37,-1.21027e+36,-1.3578e+37,1.16574e+37
13.6,357.317,-1.49557,10.6374,15.708,0.66646,-2.62456,0.18432,0.522771,-2.66086,-1.39644e+37,-1.62154e+38,1.32496e+38,-2.60671e+36,-2.97934e+37,2.4907e+37
13.7,357.446,0.749568,-4.96248,15.708,0.512819,-2.7023,0.0224023,0.391851,-2.7227,-1.30548e+37,-4.17319e+38,2.65055e+37,-3.91218e+36,-7.15253e+37,2.75575e+37
13.8,357.242,2.56747,-7.90096,15.708,0.340529,-0.497487,-0.0354797,0.317283,-0.512861,-4.24893e+36,-4.1231e+38,-9.26737e+37,-4.33708e+36,-1.12756e+38,1.82901e+37
13.9,357.715,4.00021,4.25765,15.708,0.155855,2.12753,0.0824596,0.250062,2.12208,-6.11153e+37,-6.71631e+38,5.93805e+38,-1.04486e+37,-1.79919e+38,7.76706e+37
14,358.75,4.32986,21.2345,15.708,-0.034486,2.95549,0.18074,0.057534,2.96302,-9.84256e+37,-2.4309e+39,4.6197e+38,-2.02912e+37,-4.23009e+38,1.23868e+38
14.1,359.125,3.18499,28.6472,15.708,-0.223573,1.28705,0.0654018,-0.199818,1.29375,2.04848e+36,-3.1149e+39,-1.16941e+39,-2.00863e+37,-7.345e+38,6.92631e+36
14.2,358.783,0.708914,20.2728,15.708,-0.40453,-1.46853,-0.0597865,-0.432156,-1.4616,-2.7149e+38,-3.37091e+39,2.49592e+39,-4.72354e+37,-1.07159e+39,2.56518e+38
14.3,359.143,-2.89891,3.23977,15.708,-0.570776,-2.98368,0.0629794,-0.629684,-2.97283,-8.21445e+38,-1.39737e+40,6.16897e+39,-1.2938e+38,-2.46896e+39,8.73415e+38
14.4,360.182,-7.08138,-8.11383,15.708,-0.716266,-1.97862,0.181263,-0.729979,-1.98158,-4.46368e+38,-2.72999e+40,-3.86808e+39,-1.74017e+38,-5.19895e+39,4.86607e+38
14.5,359.553,-11.8613,-4.0495,15.708,-0.835709,0.697723,-0.109819,-0.83425,0.70936,-1.2008e+39,-4.00534e+40,1.827e+39,-2.94096e+38,-9.20428e+39,6.69307e+38
14.6,356.351,-16.5814,12.6055,15.708,-0.924762,2.78472,-0.55891,-0.82382,2.90684,-2.31267e+39,-1.10418e+41,-8.67379e+39,-5.25363e+38,-2.02461e+40,-1.98072e+38
14.7,354.066,-20.957,28.3078,15.708,-0.980185,2.51955,-0.398723,-0.763682,2.74057,6.37796e+39,-1.66316e+41,-1.48586e+41,1.12433e+38,-3.68777e+40,-1.50566e+40
14.8,356.795,-26.6121,29.5825,15.708,-0.999965,0.126203,0.476251,-0.986994,0.222491,7.76722e+39,-8.22428e+40,-1.36874e+41,8.89156e+38,-4.51019e+40,-2.87441e+40
14.9,363.74,-32.0771,13.8774,15.708,-0.98338,-2.37375,1.21217,-0.953838,-2.74107,-2.38282e+40,-3.63939e+41,1.94118e+41,-1.49366e+39,-8.14958e+40,-9.33228e+39
15,368.03,-35.5766,-6.52342,15.708,-0.931036,-2.86867,0.748723,-0.610777,-3.56062,-1.84377e+40,-1.19923e+42,-1.86002e+41,-3.33743e+39,-2.01419e+41,-2.79325e+40
15.1,364.875,-39.8187,-13.9394,15.708,-0.844834,-0.94052,-0.550606,-0.740373,-1.29433,2.10351e+40,-1.62199e+42,-8.83355e+41,-1.23392e+39,-3.63618e+41,-1.16268e+41
15.2,356.691,-43.8844,-0.157184,15.708,-0.72791,1.78206,-1.42846,-0.709608,2.40544,-4.34544e+40,-3.53964e+42,-6.99704e+41,-5.57937e+39,-7.17582e+41,-1.86238e+41
15.3,351.223,-45.0298,24.386,15.708,-0.584515,2.99939,-0.954327,-0.199911,4.2836,1.90503e+41,-7.80299e+42,-5.47692e+42,1.34709e+40,-1.49788e+42,-7.3393e+41
15.4,353.165,-46.185,38.4822,15.708,-0.419865,1.68323,0.338979,-0.20161,2.46024,7.63433e+41,-6.43467e+42,-1.28491e+43,8.98143e+40,-2.14135e+42,-2.01884e+42
15.5,360.921,-47.6456,29.68,15.708,-0.239947,-1.0547,1.35376,-0.254926,-1.53627,1.71768e+41,-1.13907e+43,-6.53395e+42,1.06991e+41,-3.28042e+42,-2.67224e+42
15.6,367.798,-46.0866,5.40921,15.708,-0.0513023,-2.90176,1.2002,0.272102,-4.23605,5.19126e+41,-4.36934e+43,-2.31428e+43,1.58904e+41,-7.64976e+42,-4.98652e+42
15.7,368.181,-43.4453,-12.8004,15.708,0.139207,-2.2978,0.0667716,0.460978,-3.17818,5.05795e+42,-4.68706e+43,-8.66821e+43,6.64699e+41,-1.23368e+43,-1.36547e+43
15.8,361.625,-41.6816,-10.7262,15.708,0.324655,0.247036,-1.14422,0.307835,0.362021,3.54929e+42,-4.6445e+43,-6.57933e+43,1.01963e+42,-1.69813e+43,-2.02341e+43
15.9,353.871,-37.9147,8.29689,15.708,0.498297,2.58321,-1.3532,0.657436,3.32016,-2.87461e+41,-2.54053e+44,-8.91313e+43,9.90882e+41,-4.23866e+43,-2.91472e+43
16,351.385,-32.0966,26.6867,15.708,0.653818,2.73743,-0.433966,1.01545,3.20963,2.61036e+43,-4.41033e+44,-5.20319e+44,3.60124e+42,-8.64899e+43,-8.11791e+43
16.1,355.205,-27.2598,29.9138,15.708,0.785563,0.579431,0.666702,0.844179,0.563233,4.777e+43,-4.79315e+44,-8.32099e+44,8.37824e+42,-1.34421e+44,-1.64389e+44
16.2,361.581,-22.3937,16.7457,15.708,0.888741,-2.06799,1.11283,0.849309,-2.29826,7.56035e+43,-1.42422e+45,-1.5608e+45,1.59386e+43,-2.76843e+44,-3.20469e+44
16.3,365.463,-15.7738,-0.8432,15.708,0.9596,-2.96865,0.677579,1.15538,-3.06984,3.25234e+44,-1.45622e+45,-5.0031e+45,4.8462e+43,-4.22465e+44,-8.20779e+44
16.4,365.312,-9.36369,-8.25861,15.708,0.995563,-1.36178,-0.026319,1.11878,-1.29423,4.85826e+44,1.5737e+45,-6.09992e+45,9.70446e+43,-2.65095e+44,-1.43077e+45
16.5,363.528,-4.27388,0.202276,15.708,0.995323,1.39534,-0.311357,0.888339,1.4767,9.40823e+43,-3.64658e+45,-2.62899e+45,1.06453e+44,-6.29753e+44,-1.69367e+45
16.6,362.764,0.321624,17.52,15.708,0.958888,2.97386,-0.133394,0.802066,3.02252,8.16405e+44,-1.75733e+46,-1.76582e+46,1.88093e+44,-2.38709e+45,-3.45949e+45
16.7,363.508,4.78318,29.4779,15.708,0.887583,2.04046,0.129791,0.778689,2.08704,3.0514e+45,-1.33982e+46,-4.68431e+46,4.93234e+44,-3.72691e+45,-8.1438e+45
16.8,363.782,9.48951,26.2108,15.708,0.784002,-0.616449,0.0478641,0.821409,-0.570221,3.99377e+45,-2.73892e+46,-6.49197e+46,8.9261e+44,-6.46583e+45,-1.46358e+46
16.9,361.359,13.9674,10.2952,15.708,0.65191,-2.75267,-0.422977,0.781545,-2.77779,1.14838e+46,-6.59427e+46,-1.81977e+47,2.04099e+45,-1.30601e+46,-3.28335e+46
17,357.031,16.6595,-4.96902,15.708,0.496111,-2.56379,-0.755294,0.46986,-2.66411,2.78535e+46,5.94085e+46,-3.61013e+47,4.82634e+45,-7.11925e+45,-6.89347e+46
17.1,354.635,18.4166,-6.36063,15.708,0.322272,-0.209369,-0.418194,0.306674,-0.242882,2.56307e+46,9.62343e+46,-3.16973e+47,7.38941e+45,2.50418e+45,-1.00632e+47
17.2,356.904,20.208,7.63593,15.708,0.136713,2.3219,0.396023,0.312646,2.44286,4.85311e+46,-3.42913e+47,-7.92581e+47,1.22425e+46,-3.17871e+46,-1.7989e+47
17.3,362.751,20.03,25.2924,15.708,-0.0538173,2.89194,1.02055,-0.0310648,3.08164,1.67084e+47,1.56948e+47,-2.23867e+48,2.8951e+46,-1.60922e+46,-4.03757e+47
17.4,367.42,18.1465,31.3236,15.708,-0.242391,1.01925,0.814814,-0.328739,1.05263,1.95829e+47,1.18391e+48,-2.25743e+48,4.85339e+46,1.02299e+47,-6.29499e+47
17.5,368.195,17.0794,20.7698,15.708,-0.42215,-1.71437,0.13524,-0.186228,-1.84198,2.37549e+47,-1.61495e+48,-3.85624e+48,7.22888e+46,-5.91968e+46,-1.01512e+48
17.6,366.602,15.9764,2.5339,15.708,-0.586557,-2.99991,-0.278053,-0.192514,-3.18276,9.84776e+47,-1.68554e+48,-1.41509e+49,1.70766e+47,-2.27751e+47,-2.43021e+48
17.7,366.722,12.988,-8.26305,15.708,-0.729634,-1.75153,0.0210329,-0.521577,-1.88442,1.80271e+48,6.98191e+48,-2.22157e+49,3.51037e+47,4.7044e+47,-4.65179e+48
17.8,370.063,7.36931,-3.36524,15.708,-0.846179,0.976317,0.583085,-0.980648,0.854829,2.78317e+48,3.48162e+48,-3.69723e+49,6.29354e+47,8.18602e+47,-8.34902e+48
17.9,371.911,-1.12103,11.7904,15.708,-0.931952,2.8795,0.322472,-1.48184,2.64515,7.73786e+48,2.7651e+49,-9.62071e+49,1.40314e+48,3.5837e+48,-1.79697e+49
18,369.201,-9.19629,24.0115,15.708,-0.983834,2.35046,-0.472841,-1.4094,2.133,1.07493e+49,1.31482e+50,-9.95494e+49,2.47807e+48,1.67319e+49,-2.79247e+49
18.1,366.77,-14.7382,22.2439,15.708,-0.99994,-0.163935,-0.424355,-0.967236,-0.308504,5.39645e+48,8.41133e+49,-4.3343e+49,3.01771e+48,2.51432e+49,-3.2259e+49
18.2,367.683,-18.4713,6.43598,15.708,-0.979683,-2.53986,0.159359,-0.651549,-2.75901,2.73967e+49,-7.97001e+49,-4.05702e+50,5.75738e+48,1.71732e+49,-7.28292e+49
18.3,368.703,-21.4375,-11.0886,15.708,-0.9238,-2.77045,0.177974,-0.517703,-3.05862,8.17523e+49,3.61361e+50,-9.91089e+50,1.39326e+49,5.33093e+49,-1.71938e+50
18.4,365.588,-25.7192,-15.8256,15.708,-0.834323,-0.660928,-0.543594,-0.7473,-0.826748,1.0927e+50,8.13596e+50,-1.20356e+51,2.48596e+49,1.34669e+50,-2.92294e+50
18.5,358.304,-30.1125,-2.92766,15.708,-0.714506,2.00686,-1.27136,-0.766778,2.25111,2.54158e+50,1.08534e+51,-3.09513e+51,5.02753e+49,2.43203e+50,-6.01806e+50
18.6,352.757,-31.8876,17.2663,15.708,-0.568706,2.97951,-0.968163,-0.309819,3.52452,5.28451e+50,5.36846e+51,-5.29534e+51,1.0312e+50,7.80049e+50,-1.13134e+51
18.7,354.025,-33.2481,27.27,15.708,-0.402225,1.43547,0.221345,-0.237455,1.74597,4.18291e+50,9.43868e+51,-2.29018e+51,1.4495e+50,1.72392e+51,-1.36036e+51
18.8,360.986,-34.749,18.1911,15.708,-0.221118,-1.32107,1.21492,-0.261952,-1.58457,8.82693e+50,5.81097e+51,-1.00014e+52,2.33219e+50,2.30501e+51,-2.3605e+51
18.9,367.31,-33.4919,-2.27907,15.708,-0.031969,-2.96174,1.10378,0.219406,-3.57271,3.0578e+51,2.54588e+52,-3.26942e+52,5.38998e+50,4.85089e+51,-5.62992e+51
19,367.502,-31.0364,-16.2576,15.708,0.158342,-2.10073,0.0335366,0.428567,-2.43971,3.01231e+51,6.66115e+52,-1.69913e+52,8.4023e+50,1.1512e+52,-7.32906e+51
19.1,361.887,-29.3008,-12.5589,15.708,0.342895,0.5347,-0.97999,0.302914,0.645538,3.707e+51,4.67555e+52,-3.3813e+52,1.21093e+51,1.61876e+52,-1.07104e+52
19.2,355.296,-25.8135,4.90032,15.708,0.514979,2.71849,-1.15046,0.60866,3.04722,1.83958e+52,1.14604e+53,-2.10816e+53,3.05051e+51,2.7648e+52,-3.1792e+52
19.3,352.97,-20.4297,20.6189,15.708,0.668336,2.60606,-0.405918,0.939654,2.74341,2.94623e+52,4.4251e+53,-2.42758e+53,5.99674e+51,7.1899e+52,-5.60678e+52
19.4,355.359,-15.7182,21.8972,15.708,0.797388,0.292374,0.417056,0.822307,0.223103,3.52094e+52,6.35529e+53,-2.51018e+53,9.51768e+51,1.35452e+53,-8.11696e+52
19.5,359.413,-11.1186,8.32353,15.708,0.897444,-2.26827,0.707439,0.802775,-2.36905,1.03079e+53,1.39953e+54,-9.03798e+53,1.98256e+52,2.75405e+53,-1.71549e+53
19.6,361.71,-5.37609,-8.4761,15.708,0.964864,-2.91298,0.400968,1.00226,-2.93209,9.09786e+52,3.77213e+54,1.31782e+53,2.89234e+52,6.52618e+53,-1.58371e+53
19.7,361.858,0.533636,-14.5866,15.708,0.997198,-1.09719,0.0257209,1.03144,-1.06649,-9.53906e+52,3.61643e+54,2.63593e+54,1.93844e+52,1.01426e+54,1.05221e+53
19.8,362.582,5.87292,-4.93727,15.708,0.993268,1.64536,0.126472,0.93188,1.68413,3.28543e+53,2.59156e+54,-3.56552e+54,5.22387e+52,1.27342e+54,-2.5133e+53
19.9,365.949,10.1047,12.7611,15.708,0.953218,2.99813,0.587607,0.738581,3.08895,1.21308e+54,1.63241e+55,-1.06899e+55,1.73546e+53,2.90582e+54,-1.32032e+54
20,370.866,13.6087,24.0309,15.708,0.878504,1.81847,0.858129,0.611563,1.96695,9.14429e+53,3.42499e+55,-1.78945e+52,2.64989e+53,6.33081e+54,-1.32211e+54
20.1,375.282,19.0567,19.8265,15.708,0.771844,-0.897186,0.770877,0.950852,-0.733802,2.22238e+54,5.08938e+55,-1.18943e+55,4.87227e+53,1.14202e+55,-2.51154e+54
20.2,380.139,27.3944,4.00877,15.708,0.637115,-2.85502,0.847655,1.4552,-2.76072,4.5154e+54,1.43956e+56,-9.30939e+54,9.38767e+53,2.58158e+55,-3.44248e+54
20.3,398.364,36.0975,-8.78648,15.708,0.479218,-2.40131,3.18078,1.51898,-2.23319,-4.22942e+54,2.34461e+56,1.44027e+56,5.15825e+53,4.92619e+55,1.09602e+55
20.4,455.609,36.4054,-6.69253,15.708,0.303895,0.0807077,9.99112,0.0537348,0.365462,-3.55724e+54,2.02687e+56,1.23148e+56,1.60101e+53,6.95307e+55,2.3275e+55
20.5,496.433,24.0849,-13.8736,15.708,0.11752,2.49456,7.12526,-2.15032,-1.25333,2.57624e+55,6.62796e+56,-1.11202e+56,2.73634e+54,1.3581e+56,1.21547e+55
20.6,510.448,15.1868,-27.9672,15.708,-0.0731284,2.80133,2.44597,-1.55302,-2.45981,-1.40405e+55,1.52543e+57,7.51851e+56,1.33229e+54,2.88353e+56,8.73399e+55
20.7,519.449,14.768,-32.6054,15.708,-0.261118,0.741915,1.57105,-0.0730886,-0.809514,-6.59209e+55,1.31206e+57,1.38665e+57,-5.2598e+54,4.19559e+56,2.26004e+56
20.8,530.142,20.0912,-22.0185,15.708,-0.439611,-1.94417,1.86616,0.929073,1.84777,1.38264e+56,3.28047e+57,-6.98185e+56,8.56664e+54,7.47606e+56,1.56186e+56
20.9,540.127,24.8753,-3.82297,15.708,-0.602118,-2.98808,1.74277,0.834975,3.17571,1.00412e+56,1.04114e+58,2.43469e+57,1.86078e+55,1.78875e+57,3.99655e+56
21,543.067,28.8621,6.01158,15.708,-0.742729,-1.50805,0.513096,0.695826,1.71645,-4.25655e+56,1.41059e+58,1.10178e+58,-2.39576e+55,3.19934e+57,1.50144e+57
21.1,538.414,33.8158,-2.31422,15.708,-0.856331,1.24578,-0.812093,0.864585,-1.45313,-9.28536e+55,2.69907e+58,1.11651e+58,-3.3243e+55,5.89841e+57,2.61795e+57
21.2,532.34,37.6194,-23.6793,15.708,-0.938793,2.94734,-1.06003,0.66385,-3.7289,-2.04371e+57,6.344e+58,5.13295e+58,-2.37614e+56,1.22424e+58,7.7509e+57
21.3,532.222,41.5583,-40.5844,15.708,-0.987115,2.15938,-0.0206151,0.68748,-2.95051,-8.69574e+57,4.22424e+58,1.34979e+59,-1.10719e+57,1.64666e+58,2.12488e+58
21.4,539.112,47.4015,-37.3636,15.708,-0.999541,-0.452539,1.20256,1.01983,0.56215,-3.92328e+57,2.6576e+58,6.36531e+58,-1.49952e+57,1.91242e+58,2.76141e+58
21.5,546.511,51.4954,-12.8979,15.708,-0.975619,-2.68221,1.29124,0.714513,4.27006,5.66149e+57,3.25122e+59,4.13172e+58,-9.33366e+56,5.16365e+58,3.17458e+58
21.6,548.392,54.4171,13.3813,15.708,-0.916219,-2.64631,0.328332,0.509948,4.58658,-2.55252e+58,6.22426e+59,5.78831e+59,-3.48588e+57,1.13879e+59,8.96289e+58
21.7,545.126,58.9827,17.6805,15.708,-0.8235,-0.375153,-0.570036,0.796838,0.750353,-4.86674e+58,7.39406e+59,9.39724e+59,-8.35262e+57,1.8782e+59,1.83601e+59
21.8,546.552,61.3486,-7.94195,15.708,-0.700835,2.21288,0.248888,0.412937,-4.47196,-7.33051e+58,2.11192e+60,1.78118e+60,-1.56831e+58,3.99011e+59,3.61719e+59
21.9,556.666,61.7592,-40.3935,15.708,-0.552684,2.93177,1.76521,0.0716497,-5.66386,-3.73206e+59,2.66208e+60,6.10417e+60,-5.30037e+58,6.6522e+59,9.72136e+59
22,558.268,63.3581,-52.391,15.708,-0.384435,1.17428,0.279606,0.27906,-2.09395,-5.88722e+59,1.3523e+59,8.14011e+60,-1.11876e+59,6.78743e+59,1.78615e+60
22.1,557.213,63.7498,-34.7193,15.708,-0.202206,-1.57508,-0.184119,0.0683784,3.08428,-3.5277e+59,7.34243e+60,7.53814e+60,-1.47153e+59,1.41299e+60,2.53996e+60
22.2,557.296,61.0567,-0.276206,15.708,-0.0126236,-2.99403,0.0144645,-0.470047,6.01146,-1.83217e+60,1.83824e+61,3.19138e+61,-3.3037e+59,3.25122e+60,5.73134e+60
22.3,553.858,58.8188,19.5213,15.708,0.177418,-1.88401,-0.600017,-0.390575,3.45532,-4.31711e+60,-6.27869e+58,5.93052e+61,-7.62081e+59,3.24495e+60,1.16619e+61
22.4,547.484,56.8885,11.2656,15.708,0.361007,0.817363,-1.11238,-0.336908,-1.44089,-2.70458e+60,2.43504e+61,4.60895e+61,-1.03254e+60,5.67999e+60,1.62708e+61
22.5,539.183,52.4857,-15.3373,15.708,0.531469,2.82834,-1.44893,-0.768438,-4.64308,-8.33618e+60,1.33707e+62,1.63549e+62,-1.86616e+60,1.90507e+61,3.26257e+61
22.6,533.638,47.1433,-36.3833,15.708,0.682604,2.45031,-0.967746,-0.932425,-3.67321,-2.98252e+61,8.85061e+61,4.42302e+62,-4.84867e+60,2.79013e+61,7.68559e+61
22.7,538.277,42.5208,-36.0709,15.708,0.808916,0.00258182,0.809675,-0.806778,0.0545164,-4.11301e+61,1.06442e+62,6.04232e+62,-8.96168e+60,3.85455e+61,1.37279e+62
22.8,545.734,36.5372,-18.2765,15.708,0.905812,-2.44733,1.3016,-1.04434,3.1057,-9.91842e+61,4.13815e+62,1.51466e+63,-1.88801e+61,7.9927e+61,2.88745e+62
22.9,548.579,28.9048,0.0042578,15.708,0.969768,-2.83006,0.496532,-1.33209,3.1906,-2.55032e+62,-8.31777e+62,3.20005e+63,-4.43833e+61,-3.25078e+60,6.0875e+62
23,545.618,22.6663,4.44557,15.708,0.998458,-0.82233,-0.516932,-1.08883,0.775156,-2.19414e+62,-2.16582e+63,2.22178e+63,-6.63247e+61,-2.19832e+62,8.30928e+62
23.1,540.16,17.465,-7.28125,15.708,0.99084,1.87999,-0.952602,-0.907809,-2.04672,-1.88033e+62,2.72161e+63,3.58122e+63,-8.51279e+61,5.2329e+61,1.18905e+63
23.2,536.45,11.4569,-24.8107,15.708,0.94719,2.99435,-0.647369,-1.04861,-3.05947,-1.16005e+63,4.36822e+63,1.75425e+64,-2.01132e+62,4.89151e+62,2.9433e+63
23.3,535.981,5.88556,-33.613,15.708,0.869096,1.57947,-0.0819688,-0.972377,-1.53629,-2.25363e+63,-5.33053e+63,2.90176e+64,-4.26495e+62,-4.39021e+61,5.84506e+63
23.4,536.827,1.95394,-26.64,15.708,0.759397,-1.16953,0.14771,-0.686197,1.21701,-3.52066e+63,2.45039e+63,4.92807e+64,-7.78561e+62,2.01137e+62,1.07731e+64
23.5,537.059,-0.734556,-9.6838,15.708,0.622082,-2.93067,0.0403983,-0.469231,2.95942,-1.007e+64,-2.10276e+64,1.30683e+65,-1.78556e+63,-1.90163e+63,2.38415e+64
23.6,536.528,-2.67953,3.14785,15.708,0.462146,-2.21637,-0.0926616,-0.339461,2.23955,-1.52978e+64,-1.38814e+65,1.59372e+65,-3.31534e+63,-1.5783e+64,3.97786e+64
23.7,536.31,-4.44363,1.12972,15.708,0.285404,0.370029,-0.0380519,-0.307894,-0.35223,-1.37808e+64,-9.21783e+64,1.55611e+65,-4.69342e+63,-2.50008e+64,5.53397e+64
23.8,537.218,-5.86934,-14.0239,15.708,0.0982828,2.64387,0.158528,-0.248834,-2.6448,-4.81214e+64,-4.06023e+64,6.46436e+65,-9.50556e+63,-2.9061e+64,1.19983e+65
23.9,538.458,-5.92528,-29.4964,15.708,-0.0924122,2.68452,0.216413,-0.00976327,-2.70047,-1.01786e+65,-8.12707e+65,1.10104e+66,-1.96842e+64,-1.10332e+65,2.30087e+65
24,538.477,-4.39314,-32.1714,15.708,-0.279747,0.457643,0.00337067,0.26741,-0.466865,-8.58204e+64,-1.02484e+66,8.03906e+65,-2.82662e+64,-2.12815e+65,3.10478e+65
24.1,537.704,-1.35172,-19.9001,15.708,-0.456908,-2.15579,-0.134989,0.530828,2.14174,-2.43306e+65,2.71151e+64,3.35358e+66,-5.25968e+64,-2.10104e+65,6.45836e+65
24.2,537.972,2.85655,-3.15693,15.708,-0.617454,-2.9483,0.0468917,0.734482,2.92223,-7.16071e+65,-3.7412e+66,8.46993e+66,-1.24204e+65,-5.84223e+65,1.49283e+66
24.3,538.84,7.38973,3.91045,15.708,-0.755546,-1.25047,0.151342,0.791189,1.23349,-9.457e+65,-9.54407e+66,9.49952e+66,-2.18774e+65,-1.53863e+66,2.44278e+66
24.4,537.816,12.1018,-4.97523,15.708,-0.866164,1.50359,-0.178671,0.822413,-1.55084,-1.95353e+66,-1.21054e+67,2.24113e+67,-4.14127e+65,-2.74917e+66,4.68391e+66
24.5,534.941,16.419,-22.9657,15.708,-0.945283,2.98762,-0.501723,0.75349,-3.13994,-4.33658e+66,-4.90451e+67,4.16263e+67,-8.47785e+65,-7.65368e+66,8.84654e+66
24.6,534.107,20.9963,-35.2747,15.708,-0.990027,1.9481,-0.145672,0.798893,-2.14832,-2.58691e+66,-9.69214e+67,4.00568e+64,-1.10648e+66,-1.73458e+67,8.85055e+66
24.7,538.416,26.9697,-31.0492,15.708,-0.998768,-0.736911,0.752115,1.04255,0.737488,-2.64324e+66,-3.76169e+67,2.25426e+67,-1.3708e+66,-2.11075e+67,1.11048e+67
24.8,545.331,31.8775,-12.3587,15.708,-0.97119,-2.79948,1.20701,0.856566,3.26211,-2.3726e+67,-9.67887e+67,2.90594e+68,-3.7434e+66,-3.07864e+67,4.01642e+67
24.9,547.718,35.3634,5.45716,15.708,-0.908295,-2.49742,0.416464,0.608409,3.10945,-4.15783e+67,-5.16018e+68,3.82331e+68,-7.90123e+66,-8.23881e+67,7.83973e+67
25,542.647,39.9606,6.54352,15.708,-0.812369,-0.0858694,-0.884951,0.802362,0.189606,-5.34558e+67,-7.43272e+68,4.62294e+68,-1.32468e+67,-1.56715e+68,1.24627e+68
25.1,534.483,43.2225,-12.1021,15.708,-0.686902,2.39821,-1.42489,0.569313,-3.25427,-1.51708e+68,-1.68282e+69,1.4683e+69,-2.84176e+67,-3.24997e+68,2.71457e+68
25.2,530.998,43.9894,-35.1178,15.708,-0.536455,2.8566,-0.608355,0.133851,-4.017,-1.72755e+68,-4.75212e+69,6.32975e+68,-4.56931e+67,-8.0021e+68,3.34754e+68
25.3,535.167,45.5368,-42.6519,15.708,-0.366501,0.902112,0.727664,0.270067,-1.31494,-2.71391e+67,-5.29817e+69,-1.56822e+69,-4.8407e+67,-1.33003e+69,1.77932e+68
25.4,543.483,46.3286,-27.6735,15.708,-0.183219,-1.81436,1.45143,0.138196,2.61422,-5.87649e+68,-6.84628e+69,5.56742e+69,-1.07172e+68,-2.01465e+69,7.34674e+68
25.5,548.809,44.0442,-3.45564,15.708,0.0067264,-2.9983,0.92952,-0.398697,4.22681,-1.23075e+69,-2.64188e+70,7.23423e+69,-2.30247e+68,-4.65653e+69,1.4581e+69
25.6,546.77,41.7176,9.13006,15.708,0.196427,-1.64967,-0.35575,-0.406069,2.19662,-8.1533e+66,-3.92122e+70,-1.42548e+70,-2.31063e+68,-8.57776e+69,3.26142e+67
25.7,539.125,39.7288,0.799004,15.708,0.378984,1.09238,-1.33429,-0.347114,-1.45404,-2.26931e+69,-3.64371e+70,1.78361e+70,-4.57994e+68,-1.22215e+70,1.81623e+69
25.8,532.504,35.0987,-19.8023,15.708,0.54776,2.91174,-1.1556,-0.808111,-3.5956,-9.39359e+69,-1.45734e+71,7.56971e+70,-1.39735e+69,-2.67949e+70,9.38593e+69
25.9,532.045,29.3819,-34.4225,15.708,0.696616,2.27164,-0.0801449,-0.997759,-2.55172,-5.87014e+69,-3.19973e+71,-3.65634e+70,-1.98437e+69,-5.87922e+70,5.72959e+69
26,536.997,24.8473,-32.1165,15.708,0.82014,-0.287234,0.864245,-0.791439,0.402474,-1.0268e+70,-4.43763e+71,-2.14803e+70,-3.01117e+69,-1.03169e+71,3.58156e+69
26.1,542.924,19.5036,-16.0356,15.708,0.91384,-2.60349,1.03452,-0.932647,2.80666,-2.9219e+70,-1.18371e+72,-3.21544e+70,-5.93306e+69,-2.2154e+71,3.66119e+68
26.2,545.478,12.7435,-0.287907,15.708,0.974308,-2.72067,0.445766,-1.17987,2.74849,6.09957e+70,-2.03693e+72,-1.58454e+72,1.66511e+68,-4.25233e+71,-1.58088e+71
26.3,544.647,6.76997,2.33295,15.708,0.999345,-0.539781,-0.145111,-1.04258,0.457426,1.22898e+71,-1.07836e+72,-2.08403e+72,1.24563e+70,-5.33069e+71,-3.66492e+71
26.4,543.258,1.92009,-10.0713,15.708,0.988042,2.09704,-0.242374,-0.846463,-2.16495,-2.2686e+71,-3.41473e+72,1.86653e+72,-1.02297e+70,-8.74542e+71,-1.79839e+71
26.5,543.376,-2.52188,-27.3224,15.708,0.940808,2.96256,0.0205763,-0.77527,-3.01089,-2.76889e+71,-1.33514e+73,-1.0866e+72,-3.79186e+70,-2.20968e+72,-2.88499e+71
26.6,544.516,-6.92511,-35.2602,15.708,0.859362,1.3257,0.198959,-0.768509,-1.3854,2.99116e+71,-1.90286e+73,-1.10825e+73,-8.00701e+69,-4.11254e+72,-1.39675e+72
26.7,544.311,-11.8233,-27.3074,15.708,0.746665,-1.43094,-0.035801,-0.854891,1.38802,-3.60276e+71,-3.70436e+73,-8.62119e+72,-4.40346e+70,-7.8169e+72,-2.25886e+72
26.8,541.154,-16.1649,-9.91442,15.708,0.606816,-2.97891,-0.55096,-0.757754,3.03565,1.60179e+72,-8.91499e+73,-5.46761e+73,1.16144e+71,-1.67319e+73,-7.72647e+72
26.9,537.212,-18.5916,2.18769,15.708,0.4449,-2.01069,-0.687986,-0.423548,2.11222,9.07226e+72,-8.28051e+73,-1.55015e+74,1.02337e+72,-2.50124e+73,-2.3228e+73
27,536.918,-20.3097,-1.71014,15.708,0.266806,0.65589,-0.0513632,-0.299857,-0.680301,4.27093e+72,-1.07436e+74,-9.80568e+73,1.45046e+72,-3.5756e+73,-3.30337e+73
27.1,542.612,-20.9098,-18.6591,15.708,0.0790089,2.76846,0.993759,-0.104735,-2.95816,3.21193e+72,-4.71336e+74,-2.16832e+74,1.77166e+72,-8.28896e+73,-5.47168e+73
27.2,551.659,-18.5475,-33.9492,15.708,-0.111661,2.5426,1.57903,0.412292,-2.66862,5.57036e+73,-6.0073e+74,-9.85611e+74,7.34202e+72,-1.42963e+74,-1.53278e+74
27.3,559.457,-16.6449,-34.4557,15.708,-0.298271,0.169091,1.36097,0.332077,-0.0883973,5.69477e+73,-4.41208e+74,-9.44261e+74,1.30368e+73,-1.87083e+74,-2.47704e+74
27.4,566.669,-19.3177,-20.3278,15.708,-0.474034,-2.34725,1.25871,-0.466504,2.46579,-7.44707e+72,-2.58939e+75,-8.46379e+74,1.22921e+73,-4.46023e+74,-3.32342e+74
27.5,580.816,-25.158,-3.28359,15.708,-0.632559,-2.88094,2.46917,-1.01932,2.97478,2.65807e+74,-5.24386e+75,-5.57415e+75,3.88727e+73,-9.70408e+74,-8.89757e+74
27.6,615.332,-27.3724,4.12194,15.708,-0.768081,-0.981198,6.02415,-0.38648,1.29251,5.98128e+74,-5.21687e+75,-1.01312e+76,9.86856e+73,-1.4921e+75,-1.90288e+75
27.7,651.492,-18.0345,10.3582,15.708,-0.875671,1.74733,6.31123,1.62976,1.08843,8.03254e+74,-1.4879e+76,-1.64903e+76,1.79011e+74,-2.98e+75,-3.5519e+75
27.8,666.139,-6.02829,24.0101,15.708,-0.951418,2.99995,2.55634,2.09548,2.3827,3.45081e+75,-1.97111e+76,-5.46449e+76,5.24091e+74,-4.95111e+75,-9.01639e+75
27.9,670.537,-1.91246,34.6331,15.708,-0.992567,1.7186,0.767479,0.718347,1.85406,6.17571e+75,1.69465e+76,-7.86612e+76,1.14166e+75,-3.25646e+75,-1.68825e+76
28,677.73,-10.0556,34.7959,15.708,-0.997621,-1.01439,1.25544,-1.42125,0.0284253,1.83068e+75,-2.26126e+76,-3.34433e+76,1.32473e+75,-5.51771e+75,-2.02268e+76
28.1,696.899,-23.7362,23.5245,15.708,-0.966397,-2.89056,3.34567,-2.38772,-1.96723,7.36293e+75,-1.95503e+77,-1.72816e+77,2.06102e+75,-2.5068e+76,-3.75084e+76
28.2,714.63,-31.84,10.2356,15.708,-0.90003,-2.32517,3.09464,-1.41438,-2.31936,3.47583e+76,-1.71483e+77,-5.40498e+77,5.53686e+75,-4.22163e+76,-9.15582e+76
28.3,717.615,-36.3456,11.9928,15.708,-0.800934,0.204217,0.521004,-0.78637,0.306693,4.75648e+76,-2.47847e+77,-7.4447e+77,1.02933e+76,-6.7001e+76,-1.66005e+77
28.4,712.88,-38.8135,30.9098,15.708,-0.672711,2.56111,-0.826438,-0.430724,3.30165,1.19054e+77,-7.72208e+77,-1.91904e+78,2.21987e+76,-1.44222e+77,-3.57909e+77
28.5,710.895,-39.452,51.6175,15.708,-0.520026,2.75471,-0.346431,-0.11144,3.61416,3.20889e+77,4.65576e+77,-4.23926e+78,5.42877e+76,-9.76642e+76,-7.81835e+77
28.6,715.731,-41.0679,56.5224,15.708,-0.348429,0.621502,0.844104,-0.28204,0.856081,3.30741e+77,1.62701e+78,-3.94912e+78,8.73618e+76,6.50365e+76,-1.17675e+78
28.7,724.096,-41.7331,40.9303,15.708,-0.164163,-2.03667,1.45992,-0.11609,-2.72135,4.89046e+77,-3.35415e+78,-7.94967e+78,1.36266e+77,-2.70379e+77,-1.97171e+78
28.8,728.825,-39.4191,18.6583,15.708,0.0260739,-2.97454,0.825361,0.403859,-3.88718,1.83808e+78,1.57534e+77,-2.52022e+79,3.20074e+77,-2.54625e+77,-4.49193e+78
28.9,726.244,-37.1982,8.71825,15.708,0.215362,-1.3999,-0.450463,0.387624,-1.73487,2.4925e+78,1.53872e+79,-2.86157e+79,5.69324e+77,1.28409e+78,-7.3535e+78
29,718.748,-35.1352,18.4214,15.708,0.396819,1.35718,-1.30827,0.36007,1.69352,2.5026e+78,-1.1847e+79,-3.87328e+79,8.19584e+77,9.9388e+76,-1.12268e+79
29.1,712.737,-30.4463,38.2728,15.708,0.563846,2.9679,-1.04919,0.818368,3.46471,1.03764e+79,-2.63543e+79,-1.52255e+80,1.85723e+78,-2.53604e+78,-2.64522e+79
29.2,712.596,-24.8915,50.9859,15.708,0.710368,2.07173,-0.0245352,0.969483,2.21886,2.1255e+79,7.89962e+79,-2.63156e+80,3.98273e+78,5.36358e+78,-5.27678e+79
29.3,717.155,-20.4219,47.001,15.708,0.831058,-0.574363,0.795744,0.780094,-0.695488,3.04595e+79,6.50461e+79,-3.9476e+80,7.02868e+78,1.18682e+79,-9.22438e+79
29.4,722.253,-15.1284,30.5364,15.708,0.921526,-2.73531,0.889622,0.9239,-2.87362,8.35613e+79,2.47312e+80,-1.05774e+81,1.53848e+79,3.65994e+79,-1.98017e+80
29.5,724.278,-8.6495,15.7539,15.708,0.978483,-2.58583,0.353441,1.13078,-2.58003,1.33393e+80,1.47259e+81,-1.29362e+81,2.87241e+79,1.83859e+80,-3.27379e+80
29.6,723.787,-2.83421,14.7049,15.708,0.999858,-0.252182,-0.0856598,1.01496,-0.183094,6.80296e+79,1.36189e+81,-4.35923e+80,3.5527e+79,3.20048e+80,-3.70971e+80
29.7,723.644,1.97594,28.1825,15.708,0.984873,2.29448,-0.0249022,0.83953,2.35228,2.61542e+80,-8.77924e+80,-3.91593e+81,6.16813e+79,2.32255e+80,-7.62564e+80
29.8,725.318,6.05749,45.2178,15.708,0.934074,2.90306,0.292182,0.712365,2.97322,9.20006e+80,3.40112e+81,-1.13971e+82,1.53682e+80,5.72368e+80,-1.90228e+81
29.9,727.63,10.2242,51.8565,15.708,0.849307,1.05953,0.403532,0.727222,1.15867,1.27155e+81,1.02268e+82,-1.37274e+82,2.80837e+80,1.59505e+81,-3.27502e+81
30,728.301,15.7132,42.6702,15.708,0.733655,-1.67896,0.117096,0.958011,-1.60331,2.66411e+81,1.18249e+82,-3.22792e+82,5.47248e+80,2.77753e+81,-6.50294e+81
30.1,726.518,21.3263,25.1598,15.708,0.591323,-2.99928,-0.311163,0.979678,-3.05614,6.10184e+81,5.61253e+82,-6.32914e+82,1.15743e+81,8.39006e+81,-1.28321e+82
30.2,726.548,24.9238,14.4042,15.708,0.427488,-1.78621,0.00520823,0.627885,-1.87721,5.34428e+81,1.16755e+83,-3.06665e+82,1.69186e+81,2.00656e+82,-1.58987e+82
30.3,737.264,25.2721,20.5108,15.708,0.248108,0.935615,1.87032,0.0607829,1.06581,8.38555e+81,7.6073e+82,-8.73669e+82,2.53041e+81,2.76729e+82,-2.46354e+82
30.4,759.936,17.812,36.1995,15.708,0.0597053,2.86716,3.95687,-1.30203,2.73819,3.34831e+82,2.51498e+83,-3.67999e+83,5.87873e+81,5.28227e+82,-6.14353e+82
30.5,776.985,7.0183,44.6835,15.708,-0.130869,2.3769,2.97569,-1.88385,1.48074,3.88206e+82,7.81405e+83,-2.47198e+83,9.76079e+81,1.30963e+83,-8.61551e+82
30.6,786.473,6.76853,42.7455,15.708,-0.316684,-0.121043,1.65601,-0.0435932,-0.338245,3.47863e+82,6.44693e+83,-2.41846e+83,1.32394e+82,1.95432e+83,-1.1034e+83
30.7,805.987,19.8133,35.9988,15.708,-0.490982,-2.51675,3.40576,2.27675,-1.17753,1.90752e+83,1.11116e+84,-2.21431e+84,3.23146e+82,3.06548e+83,-3.31771e+83
30.8,852.453,35.6588,37.4925,15.708,-0.647427,-2.78664,8.10994,2.76556,0.260695,3.52298e+83,4.89142e+84,-3.04933e+84,6.75445e+82,7.9569e+83,-6.36704e+83
30.9,886.743,41.3451,39.4331,15.708,-0.780327,-0.702744,5.98462,0.992445,0.338703,3.75848e+83,7.63164e+84,-2.36898e+84,1.05129e+83,1.55885e+84,-8.73603e+83
31,891.154,44.3219,23.0653,15.708,-0.884851,1.97473,0.769869,0.519552,-2.85672,1.09396e+84,1.46531e+85,-9.66504e+84,2.14525e+83,3.02417e+84,-1.84011e+84
31.1,889.76,46.79,-2.37022,15.708,-0.957198,2.98422,-0.243206,0.430763,-4.43933,1.26765e+84,4.23134e+85,-1.91774e+84,3.4129e+83,7.2555e+84,-2.03188e+84
31.2,893.25,51.3547,-16.2252,15.708,-0.994736,1.47303,0.609048,0.796694,-2.41816,-1.1009e+84,4.79872e+85,3.27111e+85,2.31201e+83,1.20542e+85,1.23923e+84
31.3,899.938,56.864,-3.49127,15.708,-0.996101,-1.28238,1.16734,0.961544,2.2225,2.45697e+84,2.70768e+85,-2.38445e+85,4.76897e+83,1.47619e+85,-1.14522e+84
31.4,901.393,59.6096,30.0249,15.708,-0.961243,-2.9546,0.253889,0.479196,5.84967,1.37318e+85,1.66411e+86,-1.27739e+86,1.85007e+84,3.1403e+85,-1.39191e+85
31.5,899.43,62.985,56.7631,15.708,-0.891429,-2.13117,-0.342676,0.589132,4.6667,1.14103e+85,4.01266e+86,-9.78877e+84,2.99111e+84,7.15295e+85,-1.4898e+85
31.6,901.167,67.391,49.5986,15.708,-0.789198,0.492394,0.303211,0.768985,-1.25046,2.07561e+85,5.64555e+86,-7.83968e+85,5.06672e+84,1.27985e+86,-2.27377e+85
31.7,934.487,67.9832,18.258,15.708,-0.658269,2.70005,5.81544,0.103353,-5.46995,5.42646e+85,1.54135e+87,-1.81003e+86,1.04932e+85,2.8212e+86,-4.0838e+85
31.8,999.687,68.2753,7.52781,15.708,-0.503401,2.62706,11.3795,0.0509774,-1.87278,-3.57122e+85,2.8211e+87,1.52439e+87,6.92196e+84,5.6423e+86,1.11601e+86
31.9,948.065,68.8952,8.13513,15.708,-0.330227,0.335078,-9.00963,0.108194,0.105997,-8.0294e+85,2.39927e+87,1.98251e+87,-1.10744e+84,8.04157e+86,3.09852e+86
32,845.474,63.5748,16.4742,15.708,-0.145045,-2.23993,-17.9055,-0.92857,1.45544,2.66487e+86,6.68773e+87,-1.21192e+87,2.55413e+85,1.47293e+87,1.8866e+86
32.1,807.419,65.8305,32.193,15.708,0.0454117,-2.92295,-6.64198,0.393689,2.74345,-5.09796e+85,1.7665e+88,7.17283e+87,2.04433e+85,3.23943e+87,9.05944e+86
32.2,850.89,67.353,37.7639,15.708,0.234217,-1.13704,7.58725,0.26573,0.972314,-9.17977e+86,1.64211e+88,1.86319e+88,-7.13544e+85,4.88154e+87,2.76913e+87
32.3,922.01,63.9942,34.7944,15.708,0.414505,1.60929,12.4127,-0.586228,-0.518282,1.17479e+87,3.22112e+88,-4.34286e+87,4.61247e+85,8.10267e+87,2.33484e+87
32.4,940.505,62.3149,15.6846,15.708,0.57972,2.9963,3.22802,-0.293093,-3.3353,1.67916e+87,1.14754e+89,1.89686e+88,2.1404e+86,1.95781e+88,4.23171e+87
32.5,932.186,61.3682,3.44666,15.708,0.723853,1.85244,-1.45191,-0.165223,-2.13592,-5.02732e+87,1.67211e+89,1.30352e+89,-2.88692e+86,3.62992e+88,1.72669e+88
32.6,913.839,57.1077,9.19606,15.708,0.841664,-0.85612,-3.20216,-0.743605,1.00346,-2.57808e+87,2.82007e+89,1.38753e+89,-5.465e+86,6.44998e+88,3.11422e+88
32.7,911.515,48.7748,33.9202,15.708,0.928867,-2.84154,-0.4057,-1.45436,4.31518,-1.82451e+88,7.16142e+89,5.1312e+89,-2.37101e+87,1.36114e+89,8.24543e+88
32.8,909.508,40.8307,51.858,15.708,0.982293,-2.4268,-0.350182,-1.38651,3.13073,-9.92007e+88,5.96147e+89,1.58169e+90,-1.22911e+88,1.95729e+89,2.40624e+89
32.9,902.87,35.1529,50.9284,15.708,0.999997,0.0377759,-1.15856,-0.990967,-0.162246,-7.23441e+88,1.58541e+89,1.05228e+90,-1.95255e+88,2.11583e+89,3.45852e+89
33,895.478,29.1192,34.391,15.708,0.981336,2.47045,-1.29019,-1.05308,-2.88632,6.79344e+88,3.23834e+90,2.52894e+89,-1.27321e+88,5.35417e+89,3.71141e+89
33.1,892.465,22.0645,17.231,15.708,0.92699,2.81641,-0.525825,-1.23126,-2.99497,-2.47821e+89,7.34477e+90,6.09673e+90,-3.75141e+88,1.26989e+90,9.80814e+89
33.2,894.455,16.7882,13.0677,15.708,0.838933,0.783444,0.347321,-0.920891,-0.726642,-6.27051e+89,8.09744e+90,1.15841e+91,-1.00219e+89,2.07964e+90,2.13922e+90
33.3,898.773,13.2688,24.6268,15.708,0.720369,-1.91127,0.753678,-0.614261,2.01745,-7.69529e+89,2.22147e+91,1.87145e+91,-1.77172e+89,4.30111e+90,4.01067e+90
33.4,902.121,9.78537,42.0882,15.708,0.575609,-2.9916,0.584235,-0.607968,3.04759,-3.94214e+90,3.3692e+91,6.65195e+91,-5.71386e+89,7.67031e+90,1.06626e+91
33.5,902.85,7.04985,50.925,15.708,0.409916,-1.54502,0.127205,-0.477438,1.5423,-7.42329e+90,1.7578e+90,1.02659e+92,-1.31372e+90,7.84609e+90,2.09285e+91
33.6,901.656,6.00462,43.9205,15.708,0.229317,1.20659,-0.208419,-0.182428,-1.22251,-4.48446e+90,6.34084e+91,8.48601e+91,-1.76216e+90,1.41869e+91,2.94146e+91
33.7,899.762,5.97382,26.9864,15.708,0.0403794,2.93903,-0.330483,-0.00537466,-2.95555,-1.82489e+91,2.17569e+92,3.30501e+92,-3.58705e+90,3.59439e+91,6.24647e+91
33.8,898.523,6.64412,14.3561,15.708,-0.150027,2.18897,-0.216228,0.11699,-2.2044,-5.15173e+91,2.62038e+91,7.17581e+92,-8.73878e+90,3.85643e+91,1.34223e+92
33.9,899.087,8.61206,16.6857,15.708,-0.334978,-0.410045,0.0984429,0.343471,0.406577,-3.76264e+91,1.49279e+92,5.71777e+92,-1.25014e+91,5.34922e+91,1.91401e+92
34,901.675,11.42,32.2003,15.708,-0.507747,-2.66271,0.451631,0.490071,2.70783,-8.05407e+91,1.45474e+93,1.63983e+93,-2.05555e+91,1.98966e+92,3.55384e+92
34.1,904.117,14.4297,48.0564,15.708,-0.662052,-2.66627,0.426222,0.525293,2.76741,-3.338e+92,1.21613e+93,5.03285e+93,-5.39355e+91,3.20579e+92,8.58669e+92
34.2,903.146,18.8091,50.8485,15.708,-0.792282,-0.417717,-0.169418,0.764351,0.487301,-4.92407e+92,7.37135e+92,7.03702e+93,-1.03176e+92,3.94292e+92,1.56237e+93
34.3,898.021,24.0214,37.439,15.708,-0.8937,2.18366,-0.894601,0.909727,-2.34039,-1.03365e+93,4.68302e+93,1.59208e+94,-2.06541e+92,8.62594e+92,3.15445e+93
34.4,893.342,28.1758,18.226,15.708,-0.962619,2.94057,-0.816644,0.725078,-3.3533,-2.89298e+93,-7.03536e+93,3.71793e+94,-4.95839e+92,1.59058e+92,6.87238e+93
34.5,894.69,33.142,9.50184,15.708,-0.996533,1.21368,0.235431,0.866756,-1.52266,-2.96467e+93,-2.85683e+94,3.02751e+94,-7.92305e+92,-2.69777e+93,9.89989e+93
34.6,902.01,38.9741,20.3097,15.708,-0.994207,-1.53837,1.27743,1.0179,1.88633,-1.87226e+93,2.05472e+94,3.32579e+94,-9.79531e+92,-6.43052e+92,1.32257e+94
34.7,908.3,42.5866,43.6524,15.708,-0.955728,-2.99101,1.09782,0.630506,4.07406,-1.1989e+94,5.87879e+94,1.86298e+95,-2.17843e+93,5.23574e+93,3.18555e+94
34.8,907.322,46.1441,59.8174,15.708,-0.882494,-1.91724,-0.170691,0.620892,2.82133,-2.65876e+94,-6.01695e+94,3.43337e+95,-4.83719e+93,-7.81209e+92,6.61892e+94
34.9,900.014,50.6948,53.2917,15.708,-0.777167,0.775965,-1.27541,0.794259,-1.13895,-3.85618e+94,-6.89264e+93,5.27413e+95,-8.69336e+93,-1.47047e+93,1.1893e+95
35,893.447,52.4902,26.7325,15.708,-0.64358,2.81373,-1.14617,0.313344,-4.63545,-1.08566e+95,-1.602e+95,1.43328e+96,-1.95499e+94,-1.74904e+94,2.62258e+95
35.1,891.954,53.2219,2.78119,15.708,-0.486588,2.47483,-0.260624,0.127713,-4.1803,-1.85904e+95,-1.55734e+96,1.98421e+96,-3.81403e+94,-1.73224e+95,4.6068e+95
35.2,896.68,54.9841,2.21348,15.708,-0.311902,0.0455206,0.824931,0.307554,-0.0990846,-1.59253e+95,-1.4753e+96,1.64802e+96,-5.40657e+94,-3.20754e+95,6.25481e+95
35.3,902.855,54.3624,26.0936,15.708,-0.125873,-2.42224,1.07762,-0.108502,4.16786,-4.90098e+95,-2.47127e+95,6.64467e+96,-1.03075e+95,-3.45467e+95,1.28995e+96
35.4,907.24,51.6979,52.9007,15.708,0.0647325,-2.84401,0.765379,-0.465041,4.67874,-1.19282e+96,-8.47124e+96,1.32887e+97,-2.22358e+95,-1.19259e+96,2.61882e+96
35.5,904.41,49.8616,60.4994,15.708,0.252984,-0.863541,-0.493827,-0.320504,1.32621,-1.0597e+96,-1.41413e+97,9.38178e+96,-3.28328e+95,-2.60672e+96,3.557e+96
35.6,896.504,46.9825,44.7423,15.708,0.432036,1.84634,-1.37993,-0.502497,-2.75013,-2.40254e+96,-6.92867e+95,3.27632e+97,-5.68582e+95,-2.67601e+96,6.83332e+96
35.7,891.19,41.3686,21.5552,15.708,0.595378,2.99668,-0.927475,-0.979809,-4.04691,-7.97581e+96,-3.60148e+97,9.64129e+97,-1.36616e+96,-6.27749e+96,1.64746e+97
35.8,893.235,35.983,10.4974,15.708,0.737068,1.61582,0.356914,-0.939958,-1.92996,-1.11513e+97,-1.14877e+98,1.11158e+98,-2.4813e+96,-1.77652e+97,2.75904e+97
35.9,900.212,31.3852,18.5223,15.708,0.851955,-1.12987,1.21779,-0.802462,1.40061,-2.03905e+97,-1.3813e+98,2.29609e+98,-4.52035e+96,-3.15782e+97,5.05514e+97
36,906.129,24.9361,37.0961,15.708,0.935861,-2.92119,1.03265,-1.12559,3.24174,-4.95483e+97,-5.08031e+98,4.94785e+98,-9.47517e+96,-8.23813e+97,1.0003e+98
36.1,907.057,17.8318,50.1247,15.708,0.985734,-2.24508,0.162006,-1.23994,2.27392,-3.7012e+97,-1.17214e+99,7.91817e+97,-1.31764e+97,-1.99596e+98,1.07948e+98
36.2,904.213,12.3079,47.6269,15.708,0.999761,0.32738,-0.496328,-0.964093,-0.435956,-1.82531e+97,-6.16424e+98,2.49953e+97,-1.50017e+97,-2.61238e+98,1.10448e+98
36.3,900.913,7.3292,32.1464,15.708,0.977432,2.62331,-0.575964,-0.868953,-2.70185,-2.41436e+98,-8.35737e+98,3.01175e+99,-3.91453e+97,-3.44812e+98,4.11623e+98
36.4,899.597,2.09315,16.5877,15.708,0.919559,2.70342,-0.229726,-0.913862,-2.71551,-4.9355e+98,-5.65768e+99,4.70975e+99,-8.85003e+97,-9.1058e+98,8.82598e+98
36.5,899.609,-2.67286,13.7561,15.708,0.828246,0.500033,0.00198029,-0.831826,-0.494203,-5.75543e+98,-9.00049e+99,4.61178e+99,-1.46055e+98,-1.81063e+99,1.34378e+99
36.6,898.504,-6.54036,26.0368,15.708,0.706814,-2.12571,-0.192716,-0.675007,2.14338,-1.61629e+99,-1.755e+100,1.57819e+100,-3.07683e+98,-3.56563e+99,2.92196e+99
36.7,895.563,-8.90356,43.2698,15.708,0.559678,-2.95594,-0.513398,-0.412456,3.00772,-2.21797e+99,-5.31531e+100,1.1006e+100,-5.29481e+98,-8.88094e+99,4.02257e+99
36.8,892.764,-10.4006,50.954,15.708,0.392191,-1.28938,-0.488529,-0.261277,1.34115,-2.28373e+98,-6.746e+100,-2.15781e+100,-5.52318e+98,-1.56269e+100,1.86476e+99
36.9,892.04,-12.7019,42.6156,15.708,0.210441,1.46628,-0.126259,-0.401667,-1.45533,-5.35541e+99,-7.18413e+100,4.72754e+100,-1.08786e+99,-2.28111e+100,6.5923e+99
37,893.394,-15.0074,25.1666,15.708,0.0210384,2.98341,0.236299,-0.40237,-3.04542,-1.48563e+100,-2.81635e+101,1.00977e+101,-2.57349e+99,-5.09746e+100,1.669e+100
37.1,893.705,-15.3216,13.3708,15.708,-0.169129,1.98056,0.0543039,-0.0548457,-2.05875,-1.40158e+99,-4.84903e+101,-1.58401e+101,-2.71365e+99,-9.94649e+100,8.49846e+98
37.2,889.478,-12.7425,17.1308,15.708,-0.353146,-0.695212,-0.737898,0.45014,0.656229,-1.67819e+100,-4.13642e+101,7.90728e+100,-4.39184e+99,-1.40829e+101,8.75712e+99
37.3,883.364,-6.01752,32.1097,15.708,-0.524321,-2.78376,-1.06708,1.17373,2.61432,-1.04298e+101,-1.49548e+102,8.854e+101,-1.48217e+100,-2.90378e+101,9.72971e+100
37.4,881.949,2.0901,44.6927,15.708,-0.676429,-2.52096,-0.246835,1.41505,2.19615,-7.92695e+100,-3.70761e+102,-2.69053e+101,-2.27486e+100,-6.61138e+101,7.03918e+100
37.5,884.027,6.70852,44.0355,15.708,-0.803939,-0.128782,0.362648,0.806067,-0.114698,-8.13391e+100,-5.02007e+102,-7.21483e+101,-3.08825e+100,-1.16315e+102,-1.75649e+99
37.6,885.398,8.11172,29.4411,15.708,-0.902214,2.37217,0.239245,0.244905,-2.54721,-3.43744e+101,-1.2562e+103,1.21363e+101,-6.5257e+100,-2.41935e+102,1.03799e+100
37.7,886.325,9.47439,11.9395,15.708,-0.96768,2.86943,0.161838,0.237831,-3.0546,5.38482e+101,-2.44132e+103,-1.63448e+103,-1.14088e+100,-4.86067e+102,-1.6241e+102
37.8,889.157,13.9124,5.30675,15.708,-0.997956,0.942971,0.494284,0.774578,-1.15764,1.71626e+102,-1.46987e+103,-2.89712e+103,1.60217e+101,-6.33053e+102,-4.52122e+102
37.9,895.902,20.8644,15.1418,15.708,-0.991942,-1.77998,1.17716,1.21335,1.71654,-1.94418e+102,-3.12697e+103,1.52612e+103,-3.42011e+100,-9.4575e+102,-2.9951e+102
38,903.407,26.3235,33.9143,15.708,-0.949855,-2.99944,1.30987,0.952789,3.27642,-3.83805e+102,-1.45846e+104,-6.91399e+101,-4.18006e+101,-2.40421e+103,-3.06424e+102
38.1,904.963,30.5913,45.2992,15.708,-0.873228,-1.68537,0.271558,0.744868,1.98705,3.65742e+102,-2.25101e+104,-1.32736e+104,-5.22646e+100,-4.65522e+103,-1.63379e+103
38.2,899.408,35.1499,38.2744,15.708,-0.764845,1.05228,-0.969489,0.795631,-1.22607,-1.9938e+102,-3.88773e+104,-1.15042e+104,-2.51644e+101,-8.54295e+103,-2.7842e+103
38.3,892.724,37.3735,17.3245,15.708,-0.62865,2.9011,-1.16657,0.388088,-3.65644,1.23443e+103,-1.00073e+105,-5.36298e+104,9.82783e+101,-1.85503e+104,-8.14718e+103
38.4,891.999,38.2658,0.334928,15.708,-0.469593,2.29946,-0.126548,0.155735,-2.96524,1.03949e+104,-1.06294e+105,-1.81797e+105,1.13776e+103,-2.91796e+104,-2.63269e+104
38.5,898.208,40.039,1.98405,15.708,-0.293459,-0.244463,1.08371,0.309493,0.287826,7.70888e+103,-1.02563e+105,-1.43518e+105,1.90865e+103,-3.9436e+104,-4.06786e+104
38.6,906.092,39.7728,21.3086,15.708,-0.106654,-2.58189,1.37592,-0.0464667,3.37277,1.54492e+103,-4.96063e+105,-2.02983e+105,2.06314e+103,-8.90423e+104,-6.09769e+104
38.7,908.737,37.1589,41.0993,15.708,0.084029,-2.73848,0.461672,-0.456208,3.45414,5.92273e+104,-7.55758e+105,-1.09084e+106,7.98588e+103,-1.64618e+105,-1.70061e+105
38.8,904.31,35.2668,45.0065,15.708,0.271657,-0.581964,-0.772627,-0.33023,0.681934,8.27521e+104,-4.47818e+105,-1.3013e+106,1.62611e+104,-2.094e+105,-3.00191e+105
38.9,896.675,32.6133,30.7503,15.708,0.449406,2.06612,-1.33257,-0.46313,-2.48818,-5.99747e+103,-2.56661e+106,-8.57954e+105,1.56613e+104,-4.66061e+105,-3.85986e+105
39,892.255,27.3539,11.6138,15.708,0.610812,2.96902,-0.771504,-0.917939,-3.33995,2.6069e+105,-6.14354e+106,-5.83347e+106,4.17303e+104,-1.08042e+106,-9.69333e+105
39.1,893.688,22.1486,3.6367,15.708,0.750007,1.36408,0.2502,-0.908489,-1.39227,7.32545e+105,-5.89981e+106,-1.22287e+107,1.14985e+105,-1.6704e+106,-2.1922e+106
39.2,898.638,17.7073,12.4346,15.708,0.861927,-1.39305,0.863888,-0.775152,1.53552,8.91805e+105,-1.52113e+107,-1.78289e+107,2.04165e+105,-3.19152e+106,-3.97509e+106
39.3,902.822,12.0075,29.9718,15.708,0.942503,-2.97352,0.730197,-0.994819,3.06083,3.6004e+106,-2.52871e+107,-5.87437e+107,5.64206e+105,-5.72024e+106,-9.84946e+106
39.4,903.824,5.6572,41.4593,15.708,0.988806,-2.04235,0.174965,-1.10833,2.00495,7.60721e+106,1.61044e+107,-9.86423e+107,1.32493e+106,-4.1098e+106,-1.97137e+107
39.5,903.359,0.158945,37.591,15.708,0.999151,0.613922,-0.0811972,-0.959627,-0.675156,3.2281e+106,-5.25586e+106,-4.62882e+107,1.64774e+106,-4.63539e+106,-2.43425e+107
39.6,904.17,-4.41098,21.4896,15.708,0.973161,2.75164,0.141507,-0.797603,-2.81022,6.39926e+106,-2.10615e+108,-1.65109e+108,2.28766e+106,-2.56969e+107,-4.08534e+107
39.7,906.762,-8.25512,6.27675,15.708,0.911783,2.56513,0.452462,-0.670928,-2.65515,3.8683e+107,-2.21859e+108,-6.12891e+108,6.15596e+106,-4.78828e+107,-1.02142e+108
39.8,909.298,-12.7266,4.4002,15.708,0.817248,0.211944,0.442578,-0.780426,-0.32752,5.747e+107,-2.18827e+108,-8.69961e+108,1.1903e+107,-6.97655e+107,-1.89139e+108
39.9,909.805,-18.8401,17.3495,15.708,0.692994,-2.32027,0.0885067,-1.067,2.26008,1.2352e+108,-8.64545e+108,-2.01424e+109,2.4255e+107,-1.5622e+108,-3.90563e+108
40,909.243,-24.6659,34.3994,15.708,0.543539,-2.89262,-0.0979908,-1.0168,2.97578,3.62843e+108,2.58071e+108,-4.89184e+109,6.05392e+107,-1.30413e+108,-8.79747e+108
40.1,915.685,-27.9754,40.2867,15.708,0.374318,-1.02167,1.12429,-0.577611,1.02753,4.24607e+108,2.32858e+109,-4.98203e+109,1.03e+108,1.02445e+108,-1.37795e+109
40.2,939.98,-24.5575,30.0193,15.708,0.191486,1.71225,4.24028,0.596541,-1.792,5.032e+108,-2.93452e+109,-7.99043e+109,1.5332e+108,-1.91007e+108,-2.17699e+109
40.3,966.573,-10.6758,19.5618,15.708,0.00168953,2.99989,4.64132,2.42282,-1.82519,1.98224e+109,-1.5784e+109,-2.78193e+110,3.51544e+108,-3.48847e+108,-4.95893e+109
40.4,975.498,-0.79068,17.52,15.708,-0.188168,1.75362,1.55778,1.72527,-0.356361,3.12019e+109,1.86081e+110,-3.60617e+110,6.63563e+108,1.51196e+109,-8.5651e+109
40.5,980.439,-5.76575,20.8241,15.708,-0.371183,-0.973875,0.862284,-0.868314,0.576685,2.76026e+109,-5.15576e+109,-3.98221e+110,9.39589e+108,9.96385e+108,-1.25473e+110
40.6,1002.69,-22.0849,24.2111,15.708,-0.540699,-2.87877,3.88271,-2.84822,0.59114,1.07495e+110,-3.60468e+110,-1.60933e+111,2.01454e+109,-2.60829e+109,-2.86406e+110
40.7,1046.34,-35.1277,19.3328,15.708,-0.690554,-2.35206,7.61834,-2.27641,-0.851431,2.48161e+110,8.40207e+110,-3.10253e+111,4.49615e+109,5.79378e+109,-5.96659e+110
40.8,1068.58,-39.1448,22.3993,15.708,-0.815296,0.161357,3.8829,-0.701116,0.53521,3.40302e+110,1.06385e+111,-4.28684e+111,7.89917e+109,1.64322e+110,-1.02534e+111
40.9,1070.17,-41.657,42.4056,15.708,-0.91039,2.53849,0.277639,-0.438461,3.49175,8.91905e+110,2.20339e+111,-1.14498e+112,1.68182e+110,3.84661e+110,-2.17032e+111
41,1070.04,-44.4104,65.1255,15.708,-0.972378,2.77144,-0.0227105,-0.480549,3.96539,1.61905e+111,1.60359e+112,-1.63745e+112,3.30087e+110,1.98826e+111,-3.80777e+111
41.1,1075.54,-49.7086,71.5063,15.708,-0.999006,0.663446,0.958945,-0.924715,1.11365,9.0947e+110,1.98627e+112,-5.22101e+111,4.21034e+110,3.97453e+111,-4.32988e+111
41.2,1083.1,-54.7058,52.2174,15.708,-0.989304,-2.00494,1.32024,-0.872183,-3.36654,2.43532e+111,-8.06958e+111,-3.64242e+112,6.64566e+110,3.16757e+111,-7.9723e+111
41.3,1086.23,-57.3572,20.2943,15.708,-0.943627,-2.97981,0.546567,-0.462749,-5.57164,1.01696e+112,2.97542e+112,-1.28855e+113,1.68153e+111,6.14299e+111,-2.08578e+112
41.4,1086.06,-61.5163,3.26761,15.708,-0.863635,-1.43774,-0.0298634,-0.725894,-2.97172,1.49736e+112,1.24722e+113,-1.60079e+113,3.17889e+111,1.86152e+112,-3.68658e+112
41.5,1093.23,-64.8383,20.1279,15.708,-0.752237,1.31875,1.25029,-0.579805,2.94267,2.79132e+112,1.36344e+113,-3.33645e+113,5.97021e+111,3.22496e+112,-7.02302e+112
41.6,1120.91,-66.9102,40.7089,15.708,-0.613484,2.96133,4.83158,-0.361622,3.59206,6.92152e+112,5.77131e+113,-7.39741e+113,1.28917e+112,8.99626e+112,-1.44204e+113
41.7,1148.7,-68.1263,47.3238,15.708,-0.452422,2.10257,4.84996,-0.212249,1.15452,6.86058e+112,1.4071e+114,-4.27276e+113,1.97523e+112,2.30673e+113,-1.86932e+113
41.8,1121.32,-67.9677,46.697,15.708,-0.274907,-0.53216,-4.77888,0.0276925,-0.109399,7.98416e+112,1.0299e+114,-7.19888e+113,2.77365e+112,3.33663e+113,-2.58921e+113
41.9,1035.1,-61.7077,31.8581,15.708,-0.0873956,-2.71739,-15.0468,1.09256,-2.58986,3.5806e+113,2.45561e+114,-4.02097e+114,6.35425e+112,5.79223e+113,-6.61018e+113
42,1029.55,-63.4358,15.7017,15.708,0.103294,-2.60733,-0.969114,-0.301599,-2.81983,4.92913e+113,8.93955e+114,-3.49856e+114,1.12834e+113,1.47318e+114,-1.01087e+114
42.1,1061.95,-63.1096,13.5616,15.708,0.290228,-0.294943,5.65439,0.0569261,-0.373515,3.41044e+113,8.7837e+114,-1.46859e+114,1.46938e+113,2.35155e+114,-1.15773e+114
42.2,1064.72,-59.0084,37.3264,15.708,0.466607,2.26658,0.483759,0.715795,4.14773,1.92772e+114,1.09195e+115,-2.2491e+115,3.3971e+113,3.4435e+114,-3.40683e+114
42.3,1067.34,-52.2879,64.7757,15.708,0.626018,2.91359,0.456756,1.17296,4.79081,4.16161e+114,5.2993e+115,-3.77753e+115,7.55871e+113,8.7428e+114,-7.18436e+114
42.4,1073.51,-47.2073,73.5351,15.708,0.762664,1.09959,1.07682,0.886723,1.5288,4.1534e+114,9.17681e+115,-2.34557e+115,1.17121e+114,1.79196e+115,-9.52993e+114
42.5,1082.58,-42.189,60.3367,15.708,0.871576,-1.6432,1.58291,0.875864,-2.30356,1.13579e+115,1.55159e+116,-9.92379e+115,2.307e+114,3.34355e+115,-1.94537e+115
42.6,1088.33,-34.8637,39.2347,15.708,0.948793,-2.99803,1.00336,1.2785,-3.68298,1.6664e+115,4.66545e+116,-5.80704e+115,3.9734e+114,8.00901e+115,-2.52608e+115
42.7,1087.27,-27.8414,28.0089,15.708,0.991508,-1.82052,-0.183575,1.22562,-1.95927,-1.11977e+115,6.20114e+116,3.81087e+116,2.85363e+114,1.42101e+116,1.28479e+115
42.8,1081.79,-22.5016,34.1094,15.708,0.998166,0.894722,-0.957911,0.931976,1.06473,1.36581e+115,3.12146e+116,-7.33309e+115,4.21944e+114,1.73316e+116,5.51482e+114
42.9,1076.55,-16.6057,51.3504,15.708,0.968526,2.85423,-0.913951,1.02903,3.00912,1.50992e+116,1.65735e+117,-1.46779e+117,1.93187e+115,3.39051e+116,-1.41264e+116
43,1074.88,-10.3862,65.067,15.708,0.903666,2.40286,-0.29086,1.0855,2.39401,1.4577e+116,4.64084e+117,-3.02908e+116,3.38957e+115,8.03136e+116,-1.71555e+116
43.1,1075.96,-5.81796,64.2496,15.708,0.805944,-0.0781268,0.188866,0.797305,-0.142661,1.8889e+116,6.39697e+117,-2.52065e+116,5.27847e+115,1.44283e+117,-1.96762e+116
43.2,1077.43,-2.73242,49.7278,15.708,0.678914,-2.49312,0.255263,0.538528,-2.53455,6.23742e+116,1.63462e+118,-2.5828e+117,1.15159e+116,3.07745e+117,-4.55041e+116
43.3,1077.96,-0.340959,33.5593,15.708,0.527196,-2.80226,0.0927891,0.417388,-2.82192,-2.34736e+116,3.33749e+118,1.5454e+118,9.16853e+115,6.41494e+117,1.09036e+117
43.4,1077.88,1.54586,29.2231,15.708,0.356306,-0.744416,-0.0138329,0.329313,-0.756821,-1.2922e+117,2.93788e+118,2.85222e+118,-3.75346e+115,9.35282e+117,3.94258e+117
43.5,1078.19,2.91813,40.319,15.708,0.172459,1.94221,0.0547833,0.239506,1.9366,2.5386e+117,6.67455e+118,-1.04322e+118,2.16326e+116,1.60274e+118,2.89936e+117
43.6,1079,3.24005,57.463,15.708,-0.01766,2.98831,0.140829,0.0561857,2.99219,6.55682e+116,2.00529e+119,6.44607e+118,2.81894e+116,3.60803e+118,9.34543e+117
43.7,1079.35,2.17668,66.1422,15.708,-0.207136,1.51029,0.0608012,-0.185594,1.5148,-1.16513e+118,2.07895e+119,2.36288e+119,-8.83233e+116,5.68698e+118,3.29743e+118
43.8,1079.2,-0.145948,59.0461,15.708,-0.38908,-1.24343,-0.0255989,-0.405375,-1.23849,8.0589e+117,3.165e+119,5.21157e+117,-7.73428e+115,8.85198e+118,3.34954e+118
43.9,1079.77,-3.51239,42.185,15.708,-0.556875,-2.94686,0.0993679,-0.587554,-2.94282,2.40851e+118,1.24228e+120,1.24166e+119,2.33116e+117,2.12748e+119,4.5912e+118
44,1080.91,-7.48602,29.7221,15.708,-0.704419,-2.16117,0.199482,-0.69353,-2.17518,-5.55716e+118,1.98789e+120,1.49204e+120,-3.226e+117,4.11537e+119,1.95116e+119
44.1,1080.3,-12.2482,32.2878,15.708,-0.826347,0.449987,-0.106703,-0.831162,0.447794,-5.01719e+118,2.97264e+120,1.77863e+120,-8.24318e+117,7.08801e+119,3.72978e+119
44.2,1076.88,-17.1249,48.3077,15.708,-0.918225,2.68106,-0.596539,-0.851139,2.796,-1.59455e+119,7.92844e+120,5.09621e+120,-2.41887e+118,1.50164e+120,8.82599e+119
44.3,1074.12,-21.4939,64.8129,15.708,-0.976712,2.64753,-0.482372,-0.762538,2.8807,-1.09841e+120,8.10366e+120,1.80641e+121,-1.3403e+119,2.31201e+120,2.68901e+120
44.4,1076.4,-27.0271,67.6881,15.708,-0.999681,0.377714,0.397733,-0.965717,0.501824,-1.13152e+120,8.2791e+119,1.58533e+121,-2.47182e+119,2.3948e+120,4.27434e+120
44.5,1083.31,-32.6098,53.0297,15.708,-0.986297,-2.21114,1.20531,-0.974376,-2.55838,7.06776e+119,3.10616e+121,1.66766e+120,-1.76504e+119,5.50096e+120,4.44111e+120
44.6,1088.07,-36.1437,32.0576,15.708,-0.937046,-2.93232,0.832189,-0.616781,-3.66032,-2.25039e+120,8.54103e+121,6.22194e+121,-4.01543e+119,1.4042e+121,1.0663e+121
44.7,1085.46,-40.2476,22.839,15.708,-0.853719,-1.17666,-0.456674,-0.716258,-1.60895,-7.82976e+120,9.15714e+121,1.41152e+122,-1.18452e+120,2.31991e+121,2.47782e+121
44.8,1077.37,-44.4838,35.0482,15.708,-0.739347,1.57288,-1.41147,-0.739354,2.13091,-8.56332e+120,2.29642e+122,2.0182e+122,-2.04085e+120,4.61633e+121,4.49602e+121
44.9,1071.42,-45.787,59.849,15.708,-0.598089,2.99386,-1.03797,-0.227454,4.32855,-4.08655e+121,4.13736e+122,7.13186e+122,-6.12741e+120,8.7537e+121,1.16279e+122
45,1072.68,-46.8258,75.8194,15.708,-0.435081,1.88602,0.220104,-0.181307,2.78736,-9.10345e+121,4.73454e+121,1.2684e+123,-1.52309e+121,9.22715e+121,2.43118e+122
45.1,1080.13,-48.4054,68.9642,15.708,-0.256252,-0.814879,1.29896,-0.27569,-1.19647,-6.02088e+121,4.9445e+122,1.00858e+123,-2.12517e+121,1.41716e+122,3.43977e+122
45.2,1087.32,-47.0885,44.8934,15.708,-0.0681041,-2.82748,1.25537,0.229846,-4.20114,-1.78791e+122,2.48494e+123,3.3675e+123,-3.91308e+121,3.9021e+122,6.80726e+122
45.3,1088.45,-44.3917,25.0946,15.708,0.12252,-2.4518,0.197484,0.470678,-3.45554,-5.98858e+122,7.16825e+122,8.49248e+123,-9.90166e+121,4.61893e+122,1.52997e+123
45.4,1082.33,-42.629,25.2283,15.708,0.30869,-0.00516364,-1.06844,0.307645,0.0233411,-5.20959e+122,4.14215e+122,7.31108e+123,-1.51112e+122,5.03314e+122,2.26108e+123
45.5,1074.34,-39.1062,43.5553,15.708,0.483633,2.44583,-1.3936,0.614854,3.19866,-7.80234e+122,1.52664e+124,1.63158e+124,-2.29136e+122,2.02995e+123,3.89267e+123
45.6,1071.26,-33.3072,62.9073,15.708,0.64099,2.83091,-0.537585,1.01211,3.37756,-3.66125e+123,1.64245e+124,5.63328e+124,-5.95261e+122,3.6724e+123,9.52595e+123
45.7,1074.72,-28.3525,67.7756,15.708,0.775036,0.824813,0.603708,0.86476,0.849684,-5.92925e+123,4.16989e+123,8.30109e+124,-1.18819e+123,4.08939e+123,1.7827e+124
45.8,1081.2,-23.5867,55.6582,15.708,0.880899,-1.87798,1.13099,0.83178,-2.11489,-1.08507e+124,4.96331e+124,1.67302e+125,-2.27326e+123,9.0527e+123,3.45572e+124
45.9,1085.49,-17.0244,37.7571,15.708,0.954728,-2.9945,0.748751,1.14535,-3.12434,-3.2223e+124,-5.16375e+124,4.23907e+125,-5.49556e+123,3.88895e+123,7.6948e+124
46,1085.58,-10.4817,29.0315,15.708,0.993839,-1.58167,0.0143625,1.14191,-1.52289,-3.89773e+124,-3.5417e+125,4.05885e+125,-9.39329e+123,-3.1528e+124,1.17537e+125
46.1,1083.65,-5.30945,36.2144,15.708,0.996808,1.16715,-0.336237,0.902733,1.25365,-2.03681e+124,1.00657e+125,3.1679e+125,-1.14301e+124,-2.14624e+124,1.49216e+125
46.2,1082.51,-0.653934,53.2907,15.708,0.963529,2.93012,-0.19808,0.812541,2.98037,-1.21063e+125,7.42078e+125,1.9356e+126,-2.35364e+124,5.27454e+124,3.42775e+125
46.3,1083,3.88396,66.2309,15.708,0.895211,2.21811,0.0842679,0.792012,2.25849,-3.10179e+125,-6.07537e+125,4.04006e+126,-5.45542e+124,-8.00834e+123,7.46781e+125
46.4,1083.31,8.54328,64.3655,15.708,0.794339,-0.367467,0.0539676,0.813204,-0.325579,-4.31432e+125,-5.16371e+125,5.73979e+126,-9.76974e+124,-5.96454e+124,1.32076e+126
46.5,1081.1,12.964,49.1185,15.708,0.664581,-2.64265,-0.385936,0.771569,-2.66111,-1.15751e+126,-1.11266e+126,1.54995e+127,-2.13449e+125,-1.70911e+125,2.87071e+126
46.6,1076.77,15.66,33.1898,15.708,0.510655,-2.68568,-0.754683,0.470529,-2.78007,-2.22203e+126,-1.6922e+127,2.43364e+127,-4.35651e+125,-1.86311e+126,5.30435e+126
46.7,1073.86,17.3824,30.2881,15.708,0.33816,-0.460195,-0.507636,0.300613,-0.506449,-1.91474e+126,-2.15364e+127,1.84228e+127,-6.27125e+125,-4.01675e+126,7.14663e+126
46.8,1075.03,19.4653,43.1454,15.708,0.153367,2.154,0.203044,0.363547,2.24401,-4.926e+126,-2.31477e+126,6.68479e+127,-1.11973e+126,-4.24822e+126,1.38314e+127
46.9,1079.44,20.1354,61.0974,15.708,-0.0370029,2.94878,0.770489,0.116941,3.13322,-1.37057e+127,-8.53047e+127,1.57097e+128,-2.49029e+126,-1.27787e+127,2.95411e+127
47,1082.42,18.7393,68.6901,15.708,-0.226027,1.25282,0.519209,-0.24365,1.32518,-1.33424e+127,-1.84958e+128,1.15592e+128,-3.82453e+126,-3.12745e+127,4.11003e+127
47.1,1080.42,16.6317,59.5995,15.708,-0.406832,-1.50135,-0.347685,-0.367845,-1.58661,-2.3619e+127,-3.09703e+127,3.13239e+128,-6.18643e+126,-3.43715e+127,7.24242e+127
47.2,1075.04,12.6931,42.0421,15.708,-0.572842,-2.98738,-0.939446,-0.687422,-3.06435,-8.73152e+127,-3.33423e+128,1.07777e+129,-1.4918e+127,-6.77138e+127,1.80202e+128
47.3,1071.19,7.25366,31.2841,15.708,-0.718021,-1.95007,-0.671953,-0.949363,-1.87762,-1.3236e+128,-1.34958e+129,1.3245e+129,-2.8154e+127,-2.02672e+128,3.12651e+128
47.4,1070.24,3.20341,36.2355,15.708,-0.837089,0.734408,-0.165094,-0.706903,0.864188,-2.13852e+128,-1.63826e+129,2.33863e+129,-4.95391e+127,-3.66498e+128,5.46515e+128
47.5,1070.26,0.689671,52.9474,15.708,-0.925717,2.79855,0.00337117,-0.43873,2.91677,-5.54962e+128,-5.20617e+129,5.71914e+129,-1.05035e+128,-8.87116e+128,1.11843e+129
47.6,1070.28,-2.42796,68.0122,15.708,-0.980681,2.49885,0.00290023,-0.54413,2.6293,-5.11197e+128,-1.38134e+130,1.96409e+129,-1.56155e+128,-2.26846e+129,1.31484e+129
47.7,1071.53,-8.00279,69.434,15.708,-0.999983,0.0884501,0.218345,-0.972991,0.248151,-1.15771e+128,-9.45502e+129,-1.87322e+129,-1.67732e+128,-3.21396e+129,1.12752e+129
47.8,1076.28,-15.0869,56.1131,15.708,-0.98292,-2.39666,0.828421,-1.23641,-2.32494,-2.37706e+129,-7.17808e+129,3.00369e+130,-4.05438e+128,-3.93177e+129,4.13121e+129
47.9,1081.93,-20.6453,38.9772,15.708,-0.930114,-2.85739,0.987227,-0.970124,-2.99076,-5.7883e+129,-6.05185e+130,5.73729e+130,-9.84267e+128,-9.98362e+129,9.8685e+129
48,1082.6,-25.267,33.1408,15.708,-0.843484,-0.904574,0.115449,-0.806642,-1.01865,-6.38308e+129,-1.09023e+131,4.77751e+130,-1.62258e+129,-2.0886e+130,1.4646e+130
48.1,1077.49,-29.3797,44.8588,15.708,-0.726181,1.81231,-0.891494,-0.717808,2.04517,-1.69114e+130,-1.85261e+131,1.64528e+131,-3.31371e+129,-3.9412e+130,3.10989e+130
48.2,1072.49,-31.0787,65.0403,15.708,-0.58247,2.99839,-0.87271,-0.296523,3.52234,-2.76451e+130,-5.84627e+131,1.65715e+131,-6.07822e+129,-9.78747e+130,4.76703e+130
48.3,1073.42,-32.3065,76.4203,15.708,-0.417578,1.65183,0.162352,-0.214284,1.98619,-3.45237e+129,-8.46933e+131,-2.62861e+131,-6.42345e+129,-1.82568e+131,2.13842e+130
48.4,1080.11,-33.947,69.0443,15.708,-0.237501,-1.08998,1.16803,-0.286329,-1.28735,-4.5421e+130,-7.85638e+131,3.36353e+131,-1.09655e+130,-2.61132e+131,5.50195e+130
48.5,1086.81,-33.0092,49.0511,15.708,-0.048787,-2.91111,1.16891,0.163681,-3.48948,-1.73241e+131,-2.94831e+132,1.30055e+132,-2.82896e+130,-5.55963e+131,1.85075e+131
48.6,1087.69,-30.539,33.9724,15.708,0.141701,-2.27333,0.154356,0.431136,-2.63173,-3.98235e+130,-5.88121e+132,-1.60752e+132,-3.2272e+130,-1.14408e+132,2.43225e+130
48.7,1082.57,-28.8049,36.0182,15.708,0.327036,0.284664,-0.894277,0.302658,0.357062,-9.65997e+130,-4.92427e+132,-4.76661e+131,-4.1932e+130,-1.63651e+132,-2.33437e+130
48.8,1075.9,-25.5918,52.7151,15.708,0.500479,2.60221,-1.16455,0.560787,2.91416,-1.121e+132,-1.51315e+133,9.86145e+132,-1.54032e+131,-3.14966e+132,9.62801e+131
48.9,1073.09,-20.2947,69.1707,15.708,0.655721,2.72175,-0.490465,0.924517,2.87205,-1.06832e+132,-4.23791e+133,-8.45692e+131,-2.60864e+131,-7.38757e+132,8.78232e+131
49,1075.05,-15.4943,71.9407,15.708,0.787118,0.54232,0.342609,0.83783,0.483456,-5.86038e+131,-5.78801e+133,-1.31529e+133,-3.19468e+131,-1.31756e+133,-4.37054e+131
49.1,1078.95,-10.9814,59.3653,15.708,0.889892,-2.09519,0.68151,0.787641,-2.19482,-3.79929e+132,-1.32398e+134,3.70295e+132,-6.99396e+131,-2.64154e+133,-6.67587e+130
49.2,1081.37,-5.37836,42.2395,15.708,0.960305,-2.96297,0.420975,0.97792,-2.98902,4.22089e+132,-2.86635e+134,-1.63025e+134,-2.77307e+131,-5.50788e+133,-1.63693e+133
49.3,1081.59,0.52752,34.775,15.708,0.995797,-1.32802,0.0391314,1.03077,-1.3028,2.21512e+133,-2.02114e+134,-3.78467e+134,1.93781e+132,-7.52903e+133,-5.4216e+133
49.4,1082.23,5.96684,43.1537,15.708,0.995077,1.42867,0.110944,0.94934,1.46236,-1.36614e+133,-2.81322e+134,8.46695e+133,5.71678e+131,-1.03422e+134,-4.5749e+133
49.5,1085.56,10.3481,60.7206,15.708,0.95817,2.9786,0.582605,0.764674,3.06601,-4.98719e+133,-1.5606e+135,1.13584e+134,-4.41551e+132,-2.59482e+134,-3.43906e+133
49.6,1090.72,13.7972,73.1156,15.708,0.88642,2.01261,0.900719,0.601981,2.16333,3.95362e+133,-2.66878e+135,-1.52114e+135,-4.61889e+131,-5.26361e+134,-1.86504e+134
49.7,1095.59,18.9981,70.3499,15.708,0.782436,-0.65337,0.849526,0.907724,-0.482704,5.66033e+132,-4.11694e+135,-1.58618e+135,1.04144e+131,-9.38054e+134,-3.45123e+134
49.8,1101.03,27.3897,55.1694,15.708,0.649998,-2.76747,0.948326,1.46461,-2.64949,8.41896e+133,-1.10447e+136,-5.20361e+135,8.5231e+132,-2.04252e+135,-8.65484e+134
49.9,1120.21,36.7773,41.7641,15.708,0.493923,-2.54397,3.34866,1.63845,-2.33967,1.15136e+135,-1.34964e+136,-2.07675e+136,1.23659e+134,-3.39216e+135,-2.94224e+135
50,1180.93,38.2824,43.3602,15.708,0.319887,-0.171668,10.597,0.262695,0.278569,1.20639e+135,-1.01566e+136,-2.03001e+136,2.44297e+134,-4.40783e+135,-4.97225e+135
50.1,1222.25,27.3517,35.2059,15.708,0.134218,2.34564,7.21266,-1.90777,-1.42319,6.15861e+133,-5.08801e+136,-1.94882e+136,2.50456e+134,-9.49583e+135,-6.92106e+135
50.2,1235.58,19.4502,19.5107,15.708,-0.0563319,2.88166,2.32582,-1.37908,-2.73933,6.07915e+135,-9.30346e+136,-1.1763e+137,8.58371e+134,-1.87993e+136,-1.86841e+136
50.3,1244.23,18.8746,13.4022,15.708,-0.244833,0.983637,1.51037,-0.100457,-1.06613,1.12409e+136,-4.99499e+136,-1.7278e+137,1.98246e+135,-2.37943e+136,-3.5962e+136
50.4,1254.22,23.0767,23.461,15.708,-0.424431,-1.74523,1.74362,0.733399,1.75559,4.19981e+134,-2.46738e+137,-9.61734e+136,2.02446e+135,-4.84681e+136,-4.55794e+136
50.5,1262.92,26.7462,42.366,15.708,-0.588595,-2.99996,1.51787,0.640462,3.29955,2.45559e+136,-7.07142e+137,-5.96549e+137,4.48005e+135,-1.19182e+137,-1.05234e+137
50.6,1264.83,30.2381,53.8951,15.708,-0.731354,-1.72072,0.333253,0.609437,2.0122,8.75649e+136,-6.91711e+137,-1.4568e+138,1.32365e+136,-1.88353e+137,-2.50914e+137
50.7,1259.46,35.2622,47.1692,15.708,-0.847518,1.01196,-0.936431,0.876881,-1.17388,1.03519e+137,-1.52589e+138,-1.98168e+138,2.35884e+136,-3.40942e+137,-4.49083e+137
50.8,1252.66,39.2201,25.836,15.708,-0.932862,2.88987,-1.18695,0.690776,-3.72335,3.70555e+137,-3.10445e+138,-6.22981e+138,6.06439e+136,-6.51387e+137,-1.07206e+138
50.9,1251.88,42.9857,7.27203,15.708,-0.984282,2.3268,-0.136159,0.657229,-3.24002,9.11228e+137,1.27138e+138,-1.20568e+139,1.51767e+137,-5.2425e+137,-2.27775e+138
51,1258.36,48.7615,8.44573,15.708,-0.99991,-0.201642,1.13039,1.00807,0.204849,5.22644e+137,1.51056e+138,-6.62903e+138,2.04031e+137,-3.73193e+137,-2.94065e+138
51.1,1265.69,53.0082,32.5174,15.708,-0.979175,-2.55976,1.27875,0.741184,4.2013,5.42055e+137,-2.18569e+139,-1.54573e+139,2.58237e+137,-2.55888e+138,-4.48638e+138
51.2,1268.01,55.8211,60.8595,15.708,-0.922833,-2.75574,0.405614,0.490935,4.94663,4.20122e+138,-2.85374e+139,-6.81913e+139,6.78358e+137,-5.41262e+138,-1.13055e+139
51.3,1265.99,60.35,68.0511,15.708,-0.832932,-0.624027,-0.353038,0.790448,1.25516,6.98022e+138,-1.92626e+139,-1.02984e+140,1.37638e+138,-7.33888e+138,-2.16039e+139
51.4,1271.07,62.816,43.7785,15.708,-0.712742,2.03478,0.886153,0.430403,-4.23636,1.29147e+139,-9.26269e+139,-2.11419e+140,2.66785e+138,-1.66016e+139,-4.27458e+139
51.5,1291.29,63.7474,14.9125,15.708,-0.566633,2.97487,3.53005,0.162556,-5.03807,4.03093e+139,-2.78744e+138,-5.54975e+140,6.69878e+138,-1.68803e+139,-9.82433e+139
51.6,1274.22,65.9561,6.89539,15.708,-0.399918,1.40219,-2.97946,0.385487,-1.39924,5.3869e+139,3.02257e+140,-6.29556e+140,1.20857e+139,1.33454e+139,-1.61199e+140
51.7,1279.34,66.8215,23.5698,15.708,-0.218661,-1.35488,0.893925,0.151042,2.91023,5.36158e+139,-2.09773e+140,-8.13677e+140,1.74473e+139,-7.63186e+138,-2.42567e+140
51.8,1279.61,65.0723,58.4986,15.708,-0.0294517,-2.96752,0.0470829,-0.305293,6.09623,2.09748e+140,-3.52966e+140,-3.01181e+141,3.84221e+139,-4.29284e+139,-5.43747e+140
51.9,1276.88,63.2938,80.9257,15.708,0.160828,-2.0736,-0.476013,-0.310399,3.91426,3.83288e+140,2.11923e+141,-4.49091e+141,7.67509e+139,1.68994e+140,-9.92838e+140
52,1274.73,61.6877,75.2859,15.708,0.34526,0.571829,-0.376137,-0.280323,-0.984325,3.20135e+140,4.11111e+140,-4.24885e+141,1.08764e+140,2.10105e+140,-1.41772e+141
52.1,1276.26,58.2862,50.6067,15.708,0.517136,2.73425,0.267809,-0.593675,-4.30733,1.09644e+141,-4.48666e+141,-1.67118e+142,2.18409e+140,-2.38561e+140,-3.0889e+141
52.2,1266.86,54.2907,26.7933,15.708,0.670207,2.58714,-1.64128,-0.697345,-4.15623,2.86147e+141,8.35032e+141,-3.62646e+142,5.04556e+140,5.96471e+140,-6.71536e+141
52.3,1261.69,49.781,24.2295,15.708,0.798906,0.254754,-0.902357,-0.787087,-0.447465,3.88073e+141,1.58476e+142,-4.75249e+142,8.92629e+140,2.18123e+141,-1.14679e+142
52.4,1266.49,43.3897,42.5796,15.708,0.898552,-2.29281,0.837241,-1.11549,3.20269,9.43562e+141,2.02196e+142,-1.22262e+143,1.83619e+141,4.20319e+141,-2.3694e+142
52.5,1269.3,35.4809,62.9004,15.708,0.965523,-2.90371,0.491651,-1.38034,3.54666,1.92394e+142,1.70034e+143,-2.021e+143,3.76013e+141,2.12066e+142,-4.39041e+142
52.6,1265.91,29.0519,69.1922,15.708,0.997383,-1.06194,-0.591502,-1.12208,1.09813,1.24591e+142,2.7057e+143,-7.20871e+142,5.00604e+141,4.82636e+142,-5.11128e+142
52.7,1259.41,23.7176,58.2364,15.708,0.992973,1.67682,-1.13501,-0.931003,-1.91216,2.22016e+142,-5.2391e+142,-3.24303e+143,7.2262e+141,4.30245e+142,-8.35431e+142
52.8,1254.8,17.2935,40.2301,15.708,0.952453,2.99922,-0.804242,-1.12122,-3.14269,1.10236e+143,2.34624e+143,-1.42896e+144,1.82498e+142,6.64869e+142,-2.2644e+143
52.9,1254.37,11.3178,30.1903,15.708,0.877298,1.78828,-0.0752428,-1.04297,-1.75227,1.77357e+143,1.47474e+144,-1.89702e+144,3.59855e+142,2.13961e+143,-4.16141e+143
53,1256.43,7.33621,35.9428,15.708,0.77024,-0.933162,0.358511,-0.694914,1.004,2.93991e+143,1.65108e+144,-3.43526e+144,6.53846e+142,3.79069e+143,-7.59667e+143
53.1,1258.53,4.3899,52.5939,15.708,0.635172,-2.86639,0.367333,-0.514229,2.90616,7.71725e+143,5.85944e+144,-8.45866e+144,1.42557e+143,9.65013e+143,-1.60553e+144
53.2,1259.37,1.89198,66.2883,15.708,0.477006,-2.37848,0.146948,-0.435968,2.39013,8.75399e+143,1.65477e+145,-5.96738e+144,2.30097e+143,2.61978e+144,-2.20227e+144
53.3,1259.38,0.157262,65.6283,15.708,0.301494,0.118464,0.000943347,-0.302766,-0.115197,7.7688e+143,1.40422e+145,-5.53143e+144,3.07785e+143,4.024e+144,-2.75541e+144
53.4,1259.44,-0.654701,51.224,15.708,0.115019,2.51534,0.010265,-0.141714,-2.51402,3.73616e+144,2.39464e+145,-4.25708e+145,6.81401e+143,6.41865e+144,-7.01249e+144
53.5,1259.57,-0.357661,35.2485,15.708,-0.0756399,2.78759,0.0235707,0.0518432,-2.78825,6.13777e+144,9.98389e+145,-4.77691e+145,1.29518e+144,1.64025e+145,-1.17894e+145
53.6,1259.55,1.12185,31.1962,15.708,-0.263548,0.705254,-0.00390187,0.258224,-0.707256,3.60695e+144,1.17235e+146,-6.61536e+144,1.65587e+144,2.8126e+145,-1.24509e+145
53.7,1260.04,3.702,42.4995,15.708,-0.441872,-1.97279,0.0857302,0.45032,1.9728,1.89448e+145,1.11139e+146,-2.19631e+146,3.55035e+144,3.924e+145,-3.4414e+145
53.8,1261.53,6.94593,59.7191,15.708,-0.604127,-2.98448,0.259485,0.566173,3.00538,4.83971e+145,5.62646e+146,-4.58954e+146,8.39006e+144,9.55046e+145,-8.03094e+145
53.9,1262.37,10.9232,68.4186,15.708,-0.744413,-1.47528,0.147276,0.694166,1.51835,4.76126e+145,1.09827e+147,-2.51928e+146,1.31513e+145,2.05331e+146,-1.05502e+146
54,1260.16,15.998,60.9878,15.708,-0.857629,1.28004,-0.385795,0.885719,-1.29692,1.15603e+146,1.67212e+147,-9.76035e+146,2.47116e+145,3.72543e+146,-2.03106e+146
54.1,1255.7,20.7376,42.9371,15.708,-0.939658,2.95416,-0.779001,0.82722,-3.15043,2.09084e+146,5.06483e+147,-1.01767e+147,4.562e+145,8.79026e+146,-3.04872e+146
54.2,1254.02,25.2625,29.1492,15.708,-0.987515,2.13299,-0.2931,0.789744,-2.40644,-9.71957e+145,7.81217e+147,4.198e+147,3.59004e+145,1.66024e+147,1.14928e+146
54.3,1258.42,31.1494,31.9313,15.708,-0.999462,-0.489847,0.768551,1.02746,0.485553,3.36928e+144,3.94849e+147,1.40037e+147,3.62373e+145,2.05509e+147,2.54965e+146
54.4,1265.74,35.9928,50.8273,15.708,-0.975064,-2.69892,1.27781,0.845323,3.29799,1.60625e+147,1.61308e+148,-1.61638e+148,1.96862e+146,3.66817e+147,-1.36142e+147
54.5,1268.33,39.2637,70.5576,15.708,-0.915207,-2.62831,0.451683,0.570882,3.44358,1.87083e+147,5.28577e+148,-6.34361e+147,3.83945e+146,8.95393e+147,-1.99578e+147
54.6,1263.24,43.7836,73.6725,15.708,-0.822069,-0.337644,-0.888092,0.788869,0.543663,1.69673e+147,7.38882e+148,3.75419e+147,5.53618e+146,1.63428e+148,-1.62036e+147
54.7,1254.95,47.1498,55.0876,15.708,-0.699037,2.23821,-1.44722,0.587523,-3.24369,6.874e+147,1.72247e+149,-3.13574e+148,1.24102e+147,3.35674e+148,-4.7561e+147
54.8,1251,47.8712,29.8064,15.708,-0.550584,2.92353,-0.689261,0.125896,-4.4124,-5.3295e+146,3.88144e+149,1.49535e+149,1.18772e+147,7.23818e+148,1.01974e+148
54.9,1254.48,49.3495,19.6619,15.708,-0.382109,1.13943,0.60797,0.258021,-1.77054,-1.79546e+148,3.6741e+149,3.81357e+149,-6.07738e+146,1.09123e+149,4.83331e+148
55,1262.41,50.2551,33.9435,15.708,-0.199739,-1.60711,1.38241,0.158047,2.4926,2.14128e+148,6.62987e+149,-5.13566e+148,1.53354e+147,1.75421e+149,4.31975e+148
55.1,1268.24,48.0425,60.0433,15.708,-0.0101054,-2.99617,1.01899,-0.386169,4.55528,2.03676e+148,2.23107e+150,5.37534e+149,3.5703e+147,3.98529e+149,9.69509e+148
55.2,1267.14,45.658,75.2499,15.708,0.179896,-1.85447,-0.191886,-0.416175,2.65406,-1.37913e+149,2.6315e+150,2.85943e+150,-1.0221e+148,6.61678e+149,3.82893e+149
55.3,1259.67,43.7245,68.2993,15.708,0.363355,0.853645,-1.30411,-0.33746,-1.2131,2.56949e+148,3.15165e+150,8.01612e+149,-7.6515e+147,9.76844e+149,4.63055e+149
55.4,1252.54,39.1856,47.0059,15.708,0.533601,2.84071,-1.24413,-0.792182,-3.7164,3.12701e+149,1.31984e+151,5.38422e+149,2.36186e+148,2.29669e+150,5.16897e+149
55.5,1251.65,33.3567,30.5788,15.708,0.684442,2.42832,-0.156854,-1.01733,-2.86708,-5.73853e+149,2.35697e+151,1.65219e+151,-3.37667e+148,4.65365e+150,2.16908e+150
55.6,1256.79,28.754,31.3087,15.708,0.810394,-0.0351943,0.89746,-0.80332,0.127392,-8.26143e+149,3.18288e+151,2.3015e+151,-1.16381e+149,7.83653e+150,4.47058e+150
55.7,1263.34,23.4006,47.008,15.708,0.906876,-2.46898,1.14409,-0.934349,2.74006,-1.39625e+150,8.61991e+151,5.07703e+151,-2.56006e+149,1.64564e+151,9.54761e+150
55.8,1266.34,16.4313,63.6032,15.708,0.970379,-2.8173,0.523934,-1.21637,2.89641,-1.18252e+151,1.06358e+152,2.01477e+152,-1.43853e+150,2.70922e+151,2.96953e+151
55.9,1265.26,10.2893,67.6237,15.708,0.998595,-0.785936,-0.189348,-1.07198,0.701701,-1.61339e+151,6.0511e+150,2.23939e+152,-3.05192e+150,2.76974e+151,5.20892e+151
56,1262.88,5.37196,56.2133,15.708,0.990497,1.90928,-0.415799,-0.858239,-1.99149,6.06784e+150,2.8436e+152,2.0798e+151,-2.44514e+150,5.61333e+151,5.4169e+151
56.1,1261.78,0.605553,38.8491,15.708,0.94638,2.99179,-0.191018,-0.831894,-3.03062,-1.86558e+151,9.75667e+152,6.13851e+152,-4.31072e+150,1.537e+152,1.15554e+152
56.2,1262.15,-4.07306,29.819,15.708,0.867847,1.54723,0.0633009,-0.816573,-1.57605,-9.46826e+151,1.0672e+153,1.69219e+153,-1.3779e+151,2.6042e+152,2.84773e+152
56.3,1261.72,-8.64846,36.6097,15.708,0.757756,-1.20423,-0.0750688,-0.798556,1.18519,-1.01063e+152,2.33987e+153,2.24617e+153,-2.38853e+151,4.94407e+152,5.0939e+152
56.4,1258.66,-12.3037,53.7144,15.708,0.620109,-2.93851,-0.534055,-0.637952,2.98534,-4.16976e+152,4.9369e+153,7.53915e+153,-6.55829e+151,9.88097e+152,1.2633e+153
56.5,1254.45,-14.2189,66.7454,15.708,0.459911,-2.19073,-0.733914,-0.334272,2.27435,-1.08777e+153,1.09288e+153,1.53492e+154,-1.7436e+152,1.09739e+153,2.79822e+153
56.6,1252.3,-16.095,64.5333,15.708,0.282989,0.407487,-0.375421,-0.327439,-0.386098,-8.25935e+152,3.20488e+153,1.25247e+154,-2.56953e+152,1.41787e+153,4.05069e+153
56.7,1253.53,-18.5375,48.7522,15.708,0.0957762,2.66152,0.215475,-0.426308,-2.75431,-1.73632e+153,2.73625e+154,3.38869e+154,-4.30586e+152,4.15412e+153,7.43938e+153
56.8,1255.86,-19.4403,32.6031,15.708,-0.0949195,2.66745,0.405079,-0.157555,-2.81854,-6.78929e+153,1.37516e+154,9.83408e+154,-1.10952e+153,5.52928e+153,1.72735e+154
56.9,1254.02,-18.0394,29.9216,15.708,-0.282164,0.420273,-0.320486,0.244504,-0.468017,-7.08421e+153,-7.25967e+153,9.46954e+154,-1.81794e+153,4.80331e+153,2.6743e+154
57,1246.29,-13.3278,42.2579,15.708,-0.459147,-2.18189,-1.34918,0.822326,2.15308,-7.72569e+153,1.53593e+155,1.62446e+155,-2.5905e+153,2.01627e+154,4.29876e+154
57.1,1239.36,-4.85946,57.4541,15.708,-0.619433,-2.94108,-1.20914,1.478,2.65225,-3.93443e+154,2.15762e+155,6.19745e+155,-6.52494e+153,4.17389e+154,1.04962e+155
57.2,1238.29,1.73404,62.3459,15.708,-0.757194,-1.21604,-0.186889,1.15078,0.853776,-7.13056e+154,1.5909e+154,9.85751e+155,-1.36555e+154,4.33298e+154,2.03537e+155
57.3,1239.33,3.17822,52.3326,15.708,-0.867419,1.53616,0.180938,0.252058,-1.74765,-1.15516e+155,4.90387e+155,1.76716e+156,-2.52071e+154,9.23685e+154,3.80253e+155
57.4,1240.05,2.32097,34.3596,15.708,-0.946101,2.99081,0.12623,-0.149618,-3.13689,-3.52967e+155,-2.77523e+155,4.74899e+156,-6.05038e+154,6.46162e+154,8.55152e+155
57.5,1241.12,4.0091,22.0824,15.708,-0.990378,1.91922,0.187353,0.294635,-2.14277,-4.99012e+155,-4.17748e+156,5.32713e+156,-1.10405e+155,-3.53132e+155,1.38787e+156
57.6,1245.07,10.7815,24.6535,15.708,-0.99864,-0.773471,0.688841,1.18201,0.448746,-2.45389e+155,-4.64909e+155,3.20194e+156,-1.34944e+155,-3.99623e+155,1.70806e+156
57.7,1253.76,19.2351,39.9955,15.708,-0.970587,-2.81284,1.51668,1.47542,2.67768,-1.19419e+156,8.83893e+156,1.96497e+157,-2.54363e+155,4.8427e+155,3.67303e+156
57.8,1261,25.02,55.0798,15.708,-0.907238,-2.47629,1.26384,1.00966,2.63271,-3.56813e+156,-5.30928e+156,4.70901e+157,-6.11176e+155,-4.66583e+154,8.38204e+156
57.9,1260.54,29.6621,55.4582,15.708,-0.810898,-0.0481021,-0.079846,0.810199,0.0660417,-4.92896e+156,-1.09122e+157,6.37385e+157,-1.10407e+156,-1.13788e+156,1.47559e+157
58,1254.82,32.9089,39.006,15.708,-0.685069,2.42072,-0.998727,0.566679,-2.87145,-1.22378e+157,-7.16976e+156,1.65552e+158,-2.32785e+156,-1.85485e+156,3.13111e+157
58.1,1251.55,33.9176,19.1563,15.708,-0.534328,2.84484,-0.570984,0.176042,-3.46443,-2.61093e+157,-1.78259e+158,2.93497e+158,-4.93878e+156,-1.96807e+157,6.06608e+157
58.2,1255,35.4419,12.8829,15.708,-0.364156,0.866013,0.602477,0.266043,-1.09491,-2.3688e+157,-2.94807e+158,2.17521e+158,-7.30758e+156,-4.91614e+157,8.24129e+157
58.3,1262.84,36.5073,25.9426,15.708,-0.180742,-1.8443,1.36728,0.185948,2.27935,-4.90948e+157,-4.32808e+157,6.58831e+158,-1.22171e+157,-5.34895e+157,1.48296e+158
58.4,1268.16,34.6076,46.9489,15.708,0.00924478,-2.9968,0.929833,-0.331556,3.66628,-1.5437e+158,-8.29238e+158,1.81763e+159,-2.76541e+157,-1.36413e+158,3.30059e+158
58.5,1266.71,32.3049,57.7961,15.708,0.198896,-1.61799,-0.254513,-0.401905,1.89319,-1.69033e+158,-2.31601e+159,1.47439e+159,-4.45574e+157,-3.68014e+158,4.77497e+158
58.6,1260.1,30.4335,50.1168,15.708,0.381314,1.12748,-1.1536,-0.326615,-1.34029,-2.33529e+158,-7.3345e+158,2.94057e+159,-6.79103e+157,-4.41359e+158,7.71554e+158
58.7,1253.98,26.2578,31.3382,15.708,0.549865,2.9206,-1.06785,-0.728797,-3.27747,-9.38685e+158,-2.96757e+159,1.18127e+160,-1.61779e+158,-7.38116e+158,1.95282e+159
58.8,1252.92,20.7946,17.8877,15.708,0.698421,2.24679,-0.184174,-0.953508,-2.34757,-1.57198e+159,-1.54611e+160,1.59383e+160,-3.18976e+158,-2.28423e+159,3.54665e+159
58.9,1256.3,16.2746,20.2902,15.708,0.821579,-0.324814,0.589695,-0.788894,0.419321,-2.2687e+159,-1.99744e+160,2.38594e+160,-5.45846e+158,-4.28167e+159,5.93258e+159
59,1260.58,11.3745,35.8876,15.708,0.91486,-2.62206,0.746178,-0.85522,2.72226,-6.10082e+159,-5.30658e+160,6.43983e+160,-1.15593e+159,-9.58825e+159,1.23724e+160
59.1,1262.5,5.33441,51.3847,15.708,0.974872,-2.70453,0.335543,-1.0542,2.70475,-6.81908e+159,-1.58978e+161,3.54642e+160,-1.83784e+159,-2.54861e+160,1.59188e+160
59.2,1262.46,-0.510624,54.0184,15.708,0.999433,-0.502578,-0.0074519,-1.02015,0.459675,-7.88299e+158,-1.37254e+161,-3.94548e+160,-1.91667e+159,-3.92114e+160,1.19734e+160
59.3,1263.35,-5.57395,41.5683,15.708,0.98765,2.12389,0.155834,-0.883717,-2.17296,-2.24993e+160,-6.47324e+160,2.85481e+161,-4.16659e+159,-4.56847e+160,4.05214e+160
59.4,1266.65,-9.52247,24.0823,15.708,0.939952,2.95638,0.575972,-0.689146,-3.05189,-6.68278e+160,-6.3085e+161,6.87251e+161,-1.08494e+160,-1.0877e+161,1.09247e+161
59.5,1270.87,-13.2853,15.8703,15.708,0.858072,1.29171,0.737495,-0.65674,-1.43326,-7.30164e+160,-1.31221e+162,5.22657e+161,-1.8151e+160,-2.39991e+161,1.61512e+161
59.6,1274.1,-19.2365,23.4656,15.708,0.744988,-1.46402,0.563086,-1.03868,1.32563,-1.74167e+161,-1.99334e+162,1.66317e+162,-3.55677e+160,-4.39325e+161,3.27829e+161
59.7,1277.37,-27.1263,40.3882,15.708,0.604813,-2.98314,0.571179,-1.37702,2.95356,-3.34899e+161,-6.33222e+162,2.28233e+162,-6.90576e+160,-1.07255e+162,5.56062e+161
59.8,1292.52,-33.9484,51.2564,15.708,0.442644,-1.9825,2.64368,-1.19068,1.89686,-6.71466e+160,-1.0456e+163,-2.90816e+162,-7.57723e+160,-2.11814e+162,2.65246e+161
59.9,1339.87,-31.6782,47.1619,15.708,0.264378,0.6927,8.26394,0.396225,-0.714626,-3.45621e+161,-9.00695e+162,1.44969e+162,-1.10334e+161,-3.01884e+162,4.10215e+161
